Postazione;Codice Faldone;Codice Scatola;Numero Documenti;Data Registrazione;
coop\elisa.scappini;X600289526;S601444874;800;26/02/2026 17:31:56;
coop\elisa.scappini;X600289696;S601444874;517;26/02/2026 17:31:56;
coop\elisa.scappini;X600289698;S601444874;156;26/02/2026 17:31:56;
coop\elisa.scappini;X600289779;S601444874;800;26/02/2026 17:31:56;
coop\elisa.scappini;X600289780;S601444874;800;26/02/2026 17:31:56;
coop\elisa.scappini;X600288806;S601445050;800;26/02/2026 14:20:49;
coop\elisa.scappini;X600289523;S601445050;800;26/02/2026 14:20:49;
coop\elisa.scappini;X600289524;S601445050;800;26/02/2026 14:20:49;
coop\elisa.scappini;X600289529;S601445050;800;26/02/2026 14:20:49;
coop\elisa.scappini;X600289530;S601445050;800;26/02/2026 14:20:49;
coop\elisa.scappini;X600289536;S601445085;800;26/02/2026 14:27:30;
coop\elisa.scappini;X600289537;S601445085;600;26/02/2026 14:27:30;
coop\elisa.scappini;X600289539;S601445085;600;26/02/2026 14:27:30;
coop\elisa.scappini;X600289540;S601445085;600;26/02/2026 14:27:30;
coop\elisa.scappini;X600289541;S601445085;600;26/02/2026 14:27:30;
coop\elisa.scappini;X600289542;S601445088;600;26/02/2026 14:28:14;
coop\elisa.scappini;X600289543;S601445088;600;26/02/2026 14:28:14;
coop\elisa.scappini;X600289544;S601445088;594;26/02/2026 14:28:14;
coop\elisa.scappini;X600289545;S601445088;600;26/02/2026 14:28:14;
coop\elisa.scappini;X600289546;S601445088;600;26/02/2026 14:28:14;
coop\elisa.scappini;X600289781;S601445872;797;26/02/2026 17:23:37;
coop\elisa.scappini;X600289782;S601445872;800;26/02/2026 17:23:37;
coop\elisa.scappini;X600289783;S601445872;800;26/02/2026 17:23:37;
coop\elisa.scappini;X600289784;S601445872;800;26/02/2026 17:23:37;
coop\elisa.scappini;X600289785;S601445872;800;26/02/2026 17:23:37;
coop\elisa.scappini;X600289791;S601445881;240;26/02/2026 17:45:49;
coop\elisa.scappini;X600289797;S601445881;240;26/02/2026 17:45:49;
coop\elisa.scappini;X600289798;S601445881;240;26/02/2026 17:45:49;
coop\elisa.scappini;X600289799;S601445881;240;26/02/2026 17:45:49;
coop\elisa.scappini;X600289800;S601445881;240;26/02/2026 17:45:49;
coop\elisa.scappini;X600289801;S601445943;240;26/02/2026 17:51:01;
coop\elisa.scappini;X600289802;S601445943;240;26/02/2026 17:51:01;
coop\elisa.scappini;X600289803;S601445943;240;26/02/2026 17:51:01;
coop\elisa.scappini;X600289804;S601445943;240;26/02/2026 17:51:01;
coop\elisa.scappini;X600289805;S601445943;240;26/02/2026 17:51:01;
coop\elisa.scappini;X600289806;S601445945;235;26/02/2026 17:51:52;
coop\elisa.scappini;X600289808;S601445945;240;26/02/2026 17:51:52;
coop\elisa.scappini;X600289809;S601445945;240;26/02/2026 17:51:52;
coop\elisa.scappini;X600289810;S601445945;240;26/02/2026 17:51:52;
coop\elisa.scappini;X600289811;S601445945;240;26/02/2026 17:51:52;
coop\elisa.scappini;X600289830;S601446073;240;26/02/2026 18:25:21;
coop\elisa.scappini;X600289831;S601446073;240;26/02/2026 18:25:21;
coop\elisa.scappini;X600289832;S601446073;240;26/02/2026 18:25:21;
coop\elisa.scappini;X600289833;S601446073;240;26/02/2026 18:25:21;
coop\elisa.scappini;X600289834;S601446073;240;26/02/2026 18:25:21;
coop\elisa.scappini;X600289835;S601446074;240;26/02/2026 18:29:06;
coop\elisa.scappini;X600289836;S601446074;239;26/02/2026 18:29:06;
coop\elisa.scappini;X600289837;S601446074;240;26/02/2026 18:29:06;
coop\elisa.scappini;X600289838;S601446074;240;26/02/2026 18:29:06;
coop\elisa.scappini;X600289839;S601446074;240;26/02/2026 18:29:06;
coop\elisa.scappini;X600289840;S601446075;240;26/02/2026 18:26:58;
coop\elisa.scappini;X600289841;S601446075;240;26/02/2026 18:26:58;
coop\elisa.scappini;X600289842;S601446075;240;26/02/2026 18:26:58;
coop\elisa.scappini;X600289843;S601446075;240;26/02/2026 18:26:58;
coop\elisa.scappini;X600289844;S601446075;240;26/02/2026 18:26:58;
coop\elisa.scappini;X610288945;S611426232;80;26/02/2026 15:59:57;
coop\elisa.scappini;X610289488;S611426232;699;26/02/2026 15:59:57;
coop\elisa.scappini;X610289657;S611426232;80;26/02/2026 15:59:57;
coop\elisa.scappini;X610289658;S611426232;77;26/02/2026 15:59:57;
coop\elisa.scappini;X610289660;S611426232;80;26/02/2026 15:59:57;
coop\elisa.scappini;X610289661;S611445636;80;26/02/2026 15:37:10;
coop\elisa.scappini;X610289665;S611445636;80;26/02/2026 15:37:10;
coop\elisa.scappini;X610289666;S611445636;79;26/02/2026 15:37:10;
coop\elisa.scappini;X610289669;S611445636;80;26/02/2026 15:37:10;
coop\elisa.scappini;X610289670;S611445636;80;26/02/2026 15:37:10;
coop\elisa.scappini;X610289671;S611445637;80;26/02/2026 15:53:07;
coop\elisa.scappini;X610289672;S611445637;80;26/02/2026 15:53:07;
coop\elisa.scappini;X610289674;S611445637;80;26/02/2026 15:53:07;
coop\elisa.scappini;X610289676;S611445637;80;26/02/2026 15:53:07;
coop\elisa.scappini;X610289677;S611445637;80;26/02/2026 15:53:07;
coop\elisa.scappini;X610289679;S611445639;80;26/02/2026 15:55:08;
coop\elisa.scappini;X610289682;S611445639;80;26/02/2026 15:55:08;
coop\elisa.scappini;X610289683;S611445639;80;26/02/2026 15:55:08;
coop\elisa.scappini;X610289685;S611445639;92;26/02/2026 15:55:08;
coop\elisa.scappini;X610289686;S611445639;107;26/02/2026 15:55:08;
coop\elisa.scappini;X610289688;S611445640;80;26/02/2026 16:15:57;
coop\elisa.scappini;X610289690;S611445640;80;26/02/2026 16:15:57;
coop\elisa.scappini;X610289691;S611445640;80;26/02/2026 16:15:57;
coop\elisa.scappini;X610289692;S611445640;80;26/02/2026 16:15:57;
coop\elisa.scappini;X610289693;S611445640;89;26/02/2026 16:15:57;
coop\elisa.scappini;X610289878;S611446188;80;26/02/2026 19:43:37;
coop\elisa.scappini;X610289899;S611446188;240;26/02/2026 19:43:37;
coop\elisa.scappini;X610289900;S611446188;240;26/02/2026 19:43:37;
coop\elisa.scappini;X610289910;S611446188;80;26/02/2026 19:43:37;
coop\elisa.scappini;X610289911;S611446188;80;26/02/2026 19:43:37;
coop\elisa.scappini;X610289912;S611446284;80;26/02/2026 19:34:42;
coop\elisa.scappini;X610289913;S611446284;80;26/02/2026 19:34:42;
coop\elisa.scappini;X610289914;S611446284;107;26/02/2026 19:34:42;
coop\elisa.scappini;X610289915;S611446284;91;26/02/2026 19:34:42;
coop\elisa.scappini;X610289916;S611446284;240;26/02/2026 19:34:42;
coop\elisa.scappini;X610289917;S611446328;240;26/02/2026 19:38:43;
coop\elisa.scappini;X610289918;S611446328;240;26/02/2026 19:38:43;
coop\elisa.scappini;X610289919;S611446328;240;26/02/2026 19:38:43;
coop\elisa.scappini;X610289920;S611446328;218;26/02/2026 19:38:43;
coop\elisa.scappini;X610289921;S611446328;350;26/02/2026 19:38:43;
coop\elisa.scappini;X610289922;S611446348;800;26/02/2026 20:04:46;
coop\elisa.scappini;X610289993;S611446348;800;26/02/2026 20:04:46;
coop\elisa.scappini;X610289995;S611446348;800;26/02/2026 20:04:46;
coop\elisa.scappini;X610289996;S611446348;800;26/02/2026 20:04:46;
coop\elisa.scappini;X610289997;S611446348;800;26/02/2026 20:04:46;
coop\elisa.scappini;X620289305;S621435604;84;26/02/2026 14:59:44;
coop\elisa.scappini;X620289538;S621435604;80;26/02/2026 14:59:44;
coop\elisa.scappini;X620289566;S621435604;80;26/02/2026 14:59:44;
coop\elisa.scappini;X620289567;S621435604;76;26/02/2026 14:59:44;
coop\elisa.scappini;X620289568;S621435604;80;26/02/2026 14:59:44;
coop\elisa.scappini;X620289569;S621445314;80;26/02/2026 14:43:50;
coop\elisa.scappini;X620289570;S621445314;80;26/02/2026 14:43:50;
coop\elisa.scappini;X620289571;S621445314;80;26/02/2026 14:43:50;
coop\elisa.scappini;X620289572;S621445314;77;26/02/2026 14:43:50;
coop\elisa.scappini;X620289573;S621445314;80;26/02/2026 14:43:50;
coop\elisa.scappini;X620289574;S621445341;80;26/02/2026 14:44:55;
coop\elisa.scappini;X620289575;S621445341;80;26/02/2026 14:44:55;
coop\elisa.scappini;X620289576;S621445341;80;26/02/2026 14:44:55;
coop\elisa.scappini;X620289577;S621445341;78;26/02/2026 14:44:55;
coop\elisa.scappini;X620289578;S621445341;80;26/02/2026 14:44:55;
coop\elisa.scappini;X620289579;S621445342;80;26/02/2026 14:50:53;
coop\elisa.scappini;X620289580;S621445342;80;26/02/2026 14:50:53;
coop\elisa.scappini;X620289581;S621445342;80;26/02/2026 14:50:53;
coop\elisa.scappini;X620289582;S621445342;80;26/02/2026 14:50:53;
coop\elisa.scappini;X620289583;S621445342;75;26/02/2026 14:50:53;
coop\elisa.scappini;X620289584;S621445380;89;26/02/2026 14:52:45;
coop\elisa.scappini;X620289585;S621445380;80;26/02/2026 14:52:45;
coop\elisa.scappini;X620289586;S621445380;76;26/02/2026 14:52:45;
coop\elisa.scappini;X620289587;S621445380;80;26/02/2026 14:52:45;
coop\elisa.scappini;X620289588;S621445380;80;26/02/2026 14:52:45;
coop\elisa.scappini;X620289599;S621445448;80;26/02/2026 15:00:21;
coop\elisa.scappini;X620289600;S621445448;80;26/02/2026 15:00:21;
coop\elisa.scappini;X620289601;S621445448;79;26/02/2026 15:00:21;
coop\elisa.scappini;X620289602;S621445448;80;26/02/2026 15:00:21;
coop\elisa.scappini;X620289603;S621445448;80;26/02/2026 15:00:21;
coop\elisa.scappini;X620289604;S621445501;80;26/02/2026 15:01:06;
coop\elisa.scappini;X620289605;S621445501;80;26/02/2026 15:01:06;
coop\elisa.scappini;X620289606;S621445501;80;26/02/2026 15:01:06;
coop\elisa.scappini;X620289607;S621445501;80;26/02/2026 15:01:06;
coop\elisa.scappini;X620289608;S621445501;80;26/02/2026 15:01:06;
coop\elisa.scappini;X620289609;S621445502;80;26/02/2026 15:28:08;
coop\elisa.scappini;X620289610;S621445502;80;26/02/2026 15:28:08;
coop\elisa.scappini;X620289611;S621445502;80;26/02/2026 15:28:08;
coop\elisa.scappini;X620289612;S621445502;80;26/02/2026 15:28:08;
coop\elisa.scappini;X620289613;S621445502;80;26/02/2026 15:28:08;
coop\elisa.scappini;X620289614;S621445528;80;26/02/2026 15:29:02;
coop\elisa.scappini;X620289615;S621445528;80;26/02/2026 15:29:02;
coop\elisa.scappini;X620289616;S621445528;80;26/02/2026 15:29:02;
coop\elisa.scappini;X620289617;S621445528;76;26/02/2026 15:29:02;
coop\elisa.scappini;X620289618;S621445528;80;26/02/2026 15:29:02;
coop\elisa.scappini;X620289619;S621445530;80;26/02/2026 15:32:49;
coop\elisa.scappini;X620289620;S621445530;78;26/02/2026 15:32:49;
coop\elisa.scappini;X620289621;S621445530;80;26/02/2026 15:32:49;
coop\elisa.scappini;X620289622;S621445530;80;26/02/2026 15:32:49;
coop\elisa.scappini;X620289623;S621445530;80;26/02/2026 15:32:49;
coop\elisa.scappini;X620288617;S621445531;80;26/02/2026 15:30:51;
coop\elisa.scappini;X620289624;S621445531;80;26/02/2026 15:30:51;
coop\elisa.scappini;X620289625;S621445531;80;26/02/2026 15:30:51;
coop\elisa.scappini;X620289626;S621445531;80;26/02/2026 15:30:51;
coop\elisa.scappini;X620289628;S621445531;71;26/02/2026 15:30:51;
coop\elisa.scappini;X620289629;S621445568;80;26/02/2026 15:34:48;
coop\elisa.scappini;X620289632;S621445568;80;26/02/2026 15:34:48;
coop\elisa.scappini;X620289633;S621445568;80;26/02/2026 15:34:48;
coop\elisa.scappini;X620289636;S621445568;80;26/02/2026 15:34:48;
coop\elisa.scappini;X620289638;S621445568;80;26/02/2026 15:34:48;
coop\elisa.scappini;X620289639;S621445602;80;26/02/2026 15:35:11;
coop\elisa.scappini;X620289644;S621445602;80;26/02/2026 15:35:11;
coop\elisa.scappini;X620289645;S621445602;80;26/02/2026 15:35:11;
coop\elisa.scappini;X620289646;S621445602;80;26/02/2026 15:35:11;
coop\elisa.scappini;X620289647;S621445602;76;26/02/2026 15:35:11;
coop\elisa.scappini;X620289648;S621445604;80;26/02/2026 16:03:38;
coop\elisa.scappini;X620289650;S621445604;80;26/02/2026 16:03:38;
coop\elisa.scappini;X620289652;S621445604;80;26/02/2026 16:03:38;
coop\elisa.scappini;X620289653;S621445604;92;26/02/2026 16:03:38;
coop\elisa.scappini;X620289655;S621445604;64;26/02/2026 16:03:38;
coop\elisa.scappini;X620289815;S621446015;80;26/02/2026 17:58:58;
coop\elisa.scappini;X620289816;S621446015;80;26/02/2026 17:58:58;
coop\elisa.scappini;X620289817;S621446015;103;26/02/2026 17:58:58;
coop\elisa.scappini;X620289818;S621446015;80;26/02/2026 17:58:58;
coop\elisa.scappini;X620289820;S621446015;80;26/02/2026 17:58:58;
coop\elisa.scappini;X620289853;S621446077;800;26/02/2026 18:46:26;
coop\elisa.scappini;X620289854;S621446077;800;26/02/2026 18:46:26;
coop\elisa.scappini;X620289855;S621446077;800;26/02/2026 18:46:26;
coop\elisa.scappini;X620289856;S621446077;696;26/02/2026 18:46:26;
coop\elisa.scappini;X620289857;S621446077;600;26/02/2026 18:46:26;
coop\elisa.scappini;X620289888;S621446223;80;26/02/2026 19:30:55;
coop\elisa.scappini;X620289889;S621446223;77;26/02/2026 19:30:55;
coop\elisa.scappini;X620289890;S621446223;80;26/02/2026 19:30:55;
coop\elisa.scappini;X620289891;S621446223;80;26/02/2026 19:30:55;
coop\elisa.scappini;X620289892;S621446223;80;26/02/2026 19:30:55;
coop\elisa.scappini;X620289893;S621446224;80;26/02/2026 19:31:48;
coop\elisa.scappini;X620289894;S621446224;80;26/02/2026 19:31:48;
coop\elisa.scappini;X620289895;S621446224;80;26/02/2026 19:31:48;
coop\elisa.scappini;X620289896;S621446224;80;26/02/2026 19:31:48;
coop\elisa.scappini;X620289897;S621446224;86;26/02/2026 19:31:48;
coop\elisa.scappini;X620289898;S621446225;236;26/02/2026 19:33:27;
coop\elisa.scappini;X620289901;S621446225;240;26/02/2026 19:33:27;
coop\elisa.scappini;X620289902;S621446225;240;26/02/2026 19:33:27;
coop\elisa.scappini;X620289903;S621446225;240;26/02/2026 19:33:27;
coop\elisa.scappini;X620289904;S621446225;240;26/02/2026 19:33:27;
coop\elisa.scappini;X620289923;S621446356;718;26/02/2026 19:42:16;
coop\elisa.scappini;X620289924;S621446356;800;26/02/2026 19:42:16;
coop\elisa.scappini;X620289925;S621446356;733;26/02/2026 19:42:16;
coop\elisa.scappini;X620289926;S621446356;800;26/02/2026 19:42:16;
coop\elisa.scappini;X620289927;S621446356;800;26/02/2026 19:42:16;
coop\elisa.scappini;X620289928;S621446407;800;26/02/2026 19:43:49;
coop\elisa.scappini;X620289931;S621446407;800;26/02/2026 19:43:49;
coop\elisa.scappini;X620289933;S621446407;600;26/02/2026 19:43:49;
coop\elisa.scappini;X620289936;S621446407;600;26/02/2026 19:43:49;
coop\elisa.scappini;X620289939;S621446407;600;26/02/2026 19:43:49;
coop\elisa.scappini;X620289941;S621446437;600;26/02/2026 19:45:35;
coop\elisa.scappini;X620289943;S621446437;600;26/02/2026 19:45:35;
coop\elisa.scappini;X620289944;S621446437;600;26/02/2026 19:45:35;
coop\elisa.scappini;X620289946;S621446437;730;26/02/2026 19:45:35;
coop\elisa.scappini;X620289949;S621446437;800;26/02/2026 19:45:35;
coop\elisa.scappini;X620289951;S621446438;796;26/02/2026 19:47:29;
coop\elisa.scappini;X620289956;S621446438;800;26/02/2026 19:47:29;
coop\elisa.scappini;X620289957;S621446438;797;26/02/2026 19:47:29;
coop\elisa.scappini;X620289958;S621446438;800;26/02/2026 19:47:29;
coop\elisa.scappini;X620289959;S621446438;697;26/02/2026 19:47:29;
coop\elisa.scappini;X620289961;S621446439;894;26/02/2026 19:49:24;
coop\elisa.scappini;X620289964;S621446439;793;26/02/2026 19:49:24;
coop\elisa.scappini;X620289966;S621446439;800;26/02/2026 19:49:24;
coop\elisa.scappini;X620289967;S621446439;800;26/02/2026 19:49:24;
coop\elisa.scappini;X620289968;S621446439;800;26/02/2026 19:49:24;
coop\elisa.scappini;X620289970;S621446440;800;26/02/2026 19:54:01;
coop\elisa.scappini;X620289972;S621446440;946;26/02/2026 19:54:01;
coop\elisa.scappini;X620289973;S621446440;976;26/02/2026 19:54:01;
coop\elisa.scappini;X620289974;S621446440;997;26/02/2026 19:54:01;
coop\elisa.scappini;X620289976;S621446440;800;26/02/2026 19:54:01;
coop\elisa.scappini;X620289977;S621446441;988;26/02/2026 20:02:42;
coop\elisa.scappini;X620289980;S621446441;800;26/02/2026 20:02:42;
coop\elisa.scappini;X620289981;S621446441;800;26/02/2026 20:02:42;
coop\elisa.scappini;X620289984;S621446441;800;26/02/2026 20:02:42;
coop\elisa.scappini;X620289985;S621446441;985;26/02/2026 20:02:42;
coop\elisa.scappini;X650288663;S651419782;689;26/02/2026 17:52:00;
coop\elisa.scappini;X650289637;S651419782;80;26/02/2026 17:52:00;
coop\elisa.scappini;X650289640;S651419782;80;26/02/2026 17:52:00;
coop\elisa.scappini;X650289641;S651419782;80;26/02/2026 17:52:00;
coop\elisa.scappini;X650289775;S651419782;152;26/02/2026 17:52:00;
coop\elisa.scappini;X650289459;S651426002;755;26/02/2026 14:30:55;
coop\elisa.scappini;X650289552;S651426002;800;26/02/2026 14:30:55;
coop\elisa.scappini;X650289553;S651426002;734;26/02/2026 14:30:55;
coop\elisa.scappini;X650289554;S651426002;800;26/02/2026 14:30:55;
coop\elisa.scappini;X650289555;S651426002;800;26/02/2026 14:30:55;
coop\elisa.scappini;X650288984;S651445238;760;26/02/2026 14:33:02;
coop\elisa.scappini;X650289548;S651445238;795;26/02/2026 14:33:02;
coop\elisa.scappini;X650289549;S651445238;800;26/02/2026 14:33:02;
coop\elisa.scappini;X650289550;S651445238;800;26/02/2026 14:33:02;
coop\elisa.scappini;X650289551;S651445238;800;26/02/2026 14:33:02;
coop\elisa.scappini;X650289560;S651445245;800;26/02/2026 14:34:45;
coop\elisa.scappini;X650289561;S651445245;709;26/02/2026 14:34:45;
coop\elisa.scappini;X650289562;S651445245;715;26/02/2026 14:34:45;
coop\elisa.scappini;X650289563;S651445245;800;26/02/2026 14:34:45;
coop\elisa.scappini;X650289564;S651445245;961;26/02/2026 14:34:45;
coop\elisa.scappini;X650289776;S651445870;800;26/02/2026 17:45:25;
coop\elisa.scappini;X650289792;S651445870;800;26/02/2026 17:45:25;
coop\elisa.scappini;X650289793;S651445870;980;26/02/2026 17:45:25;
coop\elisa.scappini;X650289794;S651445870;823;26/02/2026 17:45:25;
coop\elisa.scappini;X650289795;S651445870;590;26/02/2026 17:45:25;
coop\jessica.fiorini;X600289681;S601444629;80;26/02/2026 16:11:50;
coop\jessica.fiorini;X600289684;S601444629;80;26/02/2026 16:11:50;
coop\jessica.fiorini;X600289687;S601444629;76;26/02/2026 16:11:50;
coop\jessica.fiorini;X600289689;S601444629;77;26/02/2026 16:11:50;
coop\jessica.fiorini;X600289694;S601444629;57;26/02/2026 16:11:50;
coop\jessica.fiorini;X600289668;S601445677;80;26/02/2026 16:47:30;
coop\jessica.fiorini;X600289673;S601445677;80;26/02/2026 16:47:30;
coop\jessica.fiorini;X600289675;S601445677;80;26/02/2026 16:47:30;
coop\jessica.fiorini;X600289678;S601445677;80;26/02/2026 16:47:30;
coop\jessica.fiorini;X600289680;S601445677;80;26/02/2026 16:47:30;
coop\jessica.fiorini;X600289659;S601445679;80;26/02/2026 16:15:46;
coop\jessica.fiorini;X600289662;S601445679;78;26/02/2026 16:15:46;
coop\jessica.fiorini;X600289663;S601445679;80;26/02/2026 16:15:46;
coop\jessica.fiorini;X600289664;S601445679;78;26/02/2026 16:15:46;
coop\jessica.fiorini;X600289667;S601445679;79;26/02/2026 16:15:46;
coop\jessica.fiorini;X600289476;S601445680;80;26/02/2026 16:19:31;
coop\jessica.fiorini;X600289649;S601445680;79;26/02/2026 16:19:31;
coop\jessica.fiorini;X600289651;S601445680;80;26/02/2026 16:19:31;
coop\jessica.fiorini;X600289654;S601445680;80;26/02/2026 16:19:31;
coop\jessica.fiorini;X600289656;S601445680;80;26/02/2026 16:19:31;
coop\jessica.fiorini;X610289734;S611444682;711;26/02/2026 17:06:08;
coop\jessica.fiorini;X610289735;S611444682;849;26/02/2026 17:06:08;
coop\jessica.fiorini;X610289736;S611444682;734;26/02/2026 17:06:08;
coop\jessica.fiorini;X610289737;S611444682;200;26/02/2026 17:06:08;
coop\jessica.fiorini;X610289738;S611444682;200;26/02/2026 17:06:08;
coop\jessica.fiorini;X610290021;S611445782;800;26/02/2026 20:15:18;
coop\jessica.fiorini;X610290022;S611445782;800;26/02/2026 20:15:18;
coop\jessica.fiorini;X610290023;S611445782;800;26/02/2026 20:15:18;
coop\jessica.fiorini;X610290024;S611445782;800;26/02/2026 20:15:18;
coop\jessica.fiorini;X610290025;S611445782;800;26/02/2026 20:15:18;
coop\jessica.fiorini;X610290016;S611446637;600;26/02/2026 20:18:40;
coop\jessica.fiorini;X610290017;S611446637;600;26/02/2026 20:18:40;
coop\jessica.fiorini;X610290018;S611446637;600;26/02/2026 20:18:40;
coop\jessica.fiorini;X610290019;S611446637;600;26/02/2026 20:18:40;
coop\jessica.fiorini;X610290020;S611446637;600;26/02/2026 20:18:40;
coop\jessica.fiorini;X610290011;S611446638;800;26/02/2026 20:27:33;
coop\jessica.fiorini;X610290012;S611446638;600;26/02/2026 20:27:33;
coop\jessica.fiorini;X610290013;S611446638;600;26/02/2026 20:27:33;
coop\jessica.fiorini;X610290014;S611446638;600;26/02/2026 20:27:33;
coop\jessica.fiorini;X610290015;S611446638;600;26/02/2026 20:27:33;
coop\jessica.fiorini;X610289978;S611446639;800;26/02/2026 20:36:23;
coop\jessica.fiorini;X610289979;S611446639;800;26/02/2026 20:36:23;
coop\jessica.fiorini;X610289982;S611446639;800;26/02/2026 20:36:23;
coop\jessica.fiorini;X610289983;S611446639;800;26/02/2026 20:36:23;
coop\jessica.fiorini;X610289986;S611446639;800;26/02/2026 20:36:23;
coop\jessica.fiorini;X610289963;S611446640;800;26/02/2026 20:39:02;
coop\jessica.fiorini;X610289965;S611446640;800;26/02/2026 20:39:02;
coop\jessica.fiorini;X610289969;S611446640;800;26/02/2026 20:39:02;
coop\jessica.fiorini;X610289971;S611446640;600;26/02/2026 20:39:02;
coop\jessica.fiorini;X610289975;S611446640;600;26/02/2026 20:39:02;
coop\jessica.fiorini;X610289953;S611446641;800;26/02/2026 20:42:29;
coop\jessica.fiorini;X610289954;S611446641;800;26/02/2026 20:42:29;
coop\jessica.fiorini;X610289955;S611446641;800;26/02/2026 20:42:29;
coop\jessica.fiorini;X610289960;S611446641;800;26/02/2026 20:42:29;
coop\jessica.fiorini;X610289962;S611446641;800;26/02/2026 20:42:29;
coop\jessica.fiorini;X610290006;S611446642;600;26/02/2026 20:52:37;
coop\jessica.fiorini;X610290007;S611446642;600;26/02/2026 20:52:37;
coop\jessica.fiorini;X610290008;S611446642;600;26/02/2026 20:52:37;
coop\jessica.fiorini;X610290009;S611446642;600;26/02/2026 20:52:37;
coop\jessica.fiorini;X610290010;S611446642;600;26/02/2026 20:52:37;
coop\jessica.fiorini;X610290001;S611446643;600;26/02/2026 20:57:16;
coop\jessica.fiorini;X610290002;S611446643;600;26/02/2026 20:57:16;
coop\jessica.fiorini;X610290003;S611446643;600;26/02/2026 20:57:16;
coop\jessica.fiorini;X610290004;S611446643;800;26/02/2026 20:57:16;
coop\jessica.fiorini;X610290005;S611446643;600;26/02/2026 20:57:16;
coop\jessica.fiorini;X610289987;S611446644;800;26/02/2026 21:03:59;
coop\jessica.fiorini;X610289992;S611446644;939;26/02/2026 21:03:59;
coop\jessica.fiorini;X610289994;S611446644;600;26/02/2026 21:03:59;
coop\jessica.fiorini;X610289999;S611446644;600;26/02/2026 21:03:59;
coop\jessica.fiorini;X610290000;S611446644;600;26/02/2026 21:03:59;
coop\jessica.fiorini;X610289945;S611446645;800;26/02/2026 21:06:01;
coop\jessica.fiorini;X610289947;S611446645;800;26/02/2026 21:06:01;
coop\jessica.fiorini;X610289948;S611446645;800;26/02/2026 21:06:01;
coop\jessica.fiorini;X610289950;S611446645;800;26/02/2026 21:06:01;
coop\jessica.fiorini;X610289952;S611446645;800;26/02/2026 21:06:01;
coop\jessica.fiorini;X610289935;S611446646;800;26/02/2026 21:11:30;
coop\jessica.fiorini;X610289937;S611446646;800;26/02/2026 21:11:30;
coop\jessica.fiorini;X610289938;S611446646;800;26/02/2026 21:11:30;
coop\jessica.fiorini;X610289940;S611446646;800;26/02/2026 21:11:30;
coop\jessica.fiorini;X610289942;S611446646;800;26/02/2026 21:11:30;
coop\jessica.fiorini;X610289739;S611446775;800;26/02/2026 21:15:10;
coop\jessica.fiorini;X610289929;S611446775;800;26/02/2026 21:15:10;
coop\jessica.fiorini;X610289930;S611446775;800;26/02/2026 21:15:10;
coop\jessica.fiorini;X610289932;S611446775;800;26/02/2026 21:15:10;
coop\jessica.fiorini;X610289934;S611446775;800;26/02/2026 21:15:10;
coop\jessica.fiorini;X610290026;S611446776;720;26/02/2026 21:51:10;
coop\jessica.fiorini;X610290027;S611446776;773;26/02/2026 21:51:10;
coop\jessica.fiorini;X610290028;S611446776;849;26/02/2026 21:51:10;
coop\jessica.fiorini;X610290029;S611446776;868;26/02/2026 21:51:10;
coop\jessica.fiorini;X610290073;S611446776;800;26/02/2026 21:51:10;
coop\jessica.fiorini;X620289769;S621444772;475;26/02/2026 17:10:51;
coop\jessica.fiorini;X620289770;S621444772;70;26/02/2026 17:10:51;
coop\jessica.fiorini;X620289771;S621444772;20;26/02/2026 17:10:51;
coop\jessica.fiorini;X620289772;S621444772;60;26/02/2026 17:10:51;
coop\jessica.fiorini;X620289773;S621444772;60;26/02/2026 17:10:51;
coop\jessica.fiorini;X620289764;S621445833;800;26/02/2026 17:08:55;
coop\jessica.fiorini;X620289765;S621445833;996;26/02/2026 17:08:55;
coop\jessica.fiorini;X620289766;S621445833;962;26/02/2026 17:08:55;
coop\jessica.fiorini;X620289767;S621445833;635;26/02/2026 17:08:55;
coop\jessica.fiorini;X620289768;S621445833;979;26/02/2026 17:08:55;
coop\jessica.fiorini;X620289754;S621445835;800;26/02/2026 17:14:45;
coop\jessica.fiorini;X620289755;S621445835;800;26/02/2026 17:14:45;
coop\jessica.fiorini;X620289756;S621445835;800;26/02/2026 17:14:45;
coop\jessica.fiorini;X620289757;S621445835;800;26/02/2026 17:14:45;
coop\jessica.fiorini;X620289758;S621445835;800;26/02/2026 17:14:45;
coop\jessica.fiorini;X620289988;S621445840;891;26/02/2026 21:59:35;
coop\jessica.fiorini;X620289989;S621445840;933;26/02/2026 21:59:35;
coop\jessica.fiorini;X620289990;S621445840;801;26/02/2026 21:59:35;
coop\jessica.fiorini;X620290070;S621445840;600;26/02/2026 21:59:35;
coop\jessica.fiorini;X620290071;S621445840;389;26/02/2026 21:59:35;
coop\jessica.fiorini;X620290060;S621447196;600;26/02/2026 22:03:31;
coop\jessica.fiorini;X620290061;S621447196;600;26/02/2026 22:03:31;
coop\jessica.fiorini;X620290062;S621447196;800;26/02/2026 22:03:31;
coop\jessica.fiorini;X620290063;S621447196;800;26/02/2026 22:03:31;
coop\jessica.fiorini;X620290064;S621447196;800;26/02/2026 22:03:31;
coop\jessica.fiorini;X620290055;S621447197;800;26/02/2026 22:09:44;
coop\jessica.fiorini;X620290056;S621447197;800;26/02/2026 22:09:44;
coop\jessica.fiorini;X620290057;S621447197;800;26/02/2026 22:09:44;
coop\jessica.fiorini;X620290058;S621447197;600;26/02/2026 22:09:44;
coop\jessica.fiorini;X620290059;S621447197;600;26/02/2026 22:09:44;
coop\jessica.fiorini;X620289774;S621447198;800;26/02/2026 22:11:58;
coop\jessica.fiorini;X620290051;S621447198;800;26/02/2026 22:11:58;
coop\jessica.fiorini;X620290052;S621447198;800;26/02/2026 22:11:58;
coop\jessica.fiorini;X620290053;S621447198;800;26/02/2026 22:11:58;
coop\jessica.fiorini;X620290054;S621447198;800;26/02/2026 22:11:58;
coop\jessica.fiorini;X650289556;S651444549;800;26/02/2026 15:34:03;
coop\jessica.fiorini;X650289557;S651444549;800;26/02/2026 15:34:03;
coop\jessica.fiorini;X650289558;S651444549;800;26/02/2026 15:34:03;
coop\jessica.fiorini;X650289559;S651444549;713;26/02/2026 15:34:03;
coop\jessica.fiorini;X650289642;S651444549;52;26/02/2026 15:34:03;
coop\jessica.fiorini;X650289460;S651445601;78;26/02/2026 15:36:41;
coop\jessica.fiorini;X650289630;S651445601;80;26/02/2026 15:36:41;
coop\jessica.fiorini;X650289631;S651445601;80;26/02/2026 15:36:41;
coop\jessica.fiorini;X650289634;S651445601;80;26/02/2026 15:36:41;
coop\jessica.fiorini;X650289635;S651445601;80;26/02/2026 15:36:41;
coop\jessica.fiorini;X650290045;S651445603;240;26/02/2026 21:29:04;
coop\jessica.fiorini;X650290046;S651445603;240;26/02/2026 21:29:04;
coop\jessica.fiorini;X650290047;S651445603;240;26/02/2026 21:29:04;
coop\jessica.fiorini;X650290048;S651445603;239;26/02/2026 21:29:04;
coop\jessica.fiorini;X650290049;S651445603;156;26/02/2026 21:29:04;
coop\jessica.fiorini;X650290035;S651446877;240;26/02/2026 21:31:11;
coop\jessica.fiorini;X650290036;S651446877;240;26/02/2026 21:31:11;
coop\jessica.fiorini;X650290037;S651446877;240;26/02/2026 21:31:11;
coop\jessica.fiorini;X650290038;S651446877;240;26/02/2026 21:31:11;
coop\jessica.fiorini;X650290039;S651446877;240;26/02/2026 21:31:11;
coop\jessica.fiorini;X650290040;S651446878;240;26/02/2026 21:33:04;
coop\jessica.fiorini;X650290041;S651446878;240;26/02/2026 21:33:04;
coop\jessica.fiorini;X650290042;S651446878;240;26/02/2026 21:33:04;
coop\jessica.fiorini;X650290043;S651446878;240;26/02/2026 21:33:04;
coop\jessica.fiorini;X650290044;S651446878;240;26/02/2026 21:33:04;
coop\jessica.fiorini;X650289643;S651446900;240;26/02/2026 21:34:54;
coop\jessica.fiorini;X650290031;S651446900;240;26/02/2026 21:34:54;
coop\jessica.fiorini;X650290032;S651446900;240;26/02/2026 21:34:54;
coop\jessica.fiorini;X650290033;S651446900;240;26/02/2026 21:34:54;
coop\jessica.fiorini;X650290034;S651446900;240;26/02/2026 21:34:54;
