Postazione;Codice Scatola;Numero Documenti;Data Registrazione;
postel\fernando.dineth;MN4C009B000001443640;20;26/02/2026 01:43:21;
postel\fernando.dineth;MN4C009B000001444865;30;26/02/2026 01:43:11;
postel\fernando.dineth;MN4C009B000001444866;30;26/02/2026 02:35:01;
postel\fernando.dineth;MN4C009B000001444867;30;26/02/2026 02:31:26;
postel\fernando.dineth;MN4C009B000001444869;30;26/02/2026 01:43:01;
postel\fernando.dineth;MN4C009B000001444870;30;26/02/2026 02:31:15;
postel\fernando.dineth;MN4C009B000001444872;30;26/02/2026 02:31:04;
postel\fernando.dineth;MN4C009B000001444873;30;26/02/2026 07:18:10;
postel\fernando.dineth;MN4C009B000001444875;20;26/02/2026 02:52:12;
postel\cristina.scandola;MN4C009B000001444876;32;26/02/2026 16:30:38;
postel\fernando.dineth;MN4C009M000001443644;50;26/02/2026 01:38:19;
postel\fernando.dineth;MN4C009M000001444917;50;26/02/2026 01:37:20;
postel\cristina.scandola;MN4C009M000001444959;50;26/02/2026 16:33:41;
postel\fernando.dineth;MN4C009S000001443812;100;26/02/2026 02:01:06;
postel\fernando.dineth;MN4C009S000001445246;100;26/02/2026 07:16:16;
postel\cristina.scandola;MN4C009S000001445429;100;26/02/2026 14:18:00;
khadim.seye;MN4C999X910000422594;199;26/02/2026 19:50:43;
khadim.seye;MN4C999X910000425124;200;26/02/2026 09:25:40;
khadim.seye;MN4C999X910000425127;200;26/02/2026 09:27:40;
khadim.seye;MN4C999X910000425128;200;26/02/2026 09:17:58;
khadim.seye;MN4C999X910000425133;23;26/02/2026 09:20:40;
khadim.seye;MN4C999X910000425145;200;26/02/2026 10:25:59;
khadim.seye;MN4C999X910000425174;189;26/02/2026 10:21:39;
khadim.seye;MN4C999X910000425184;200;26/02/2026 10:39:13;
khadim.seye;MN4C999X910000425204;71;26/02/2026 10:36:48;
khadim.seye;MN4C999X910000425215;200;26/02/2026 10:54:30;
khadim.seye;MN4C999X910000425220;200;26/02/2026 10:49:28;
khadim.seye;MN4C999X910000425230;48;26/02/2026 10:50:04;
khadim.seye;MN4C999X910000425237;200;26/02/2026 12:51:47;
khadim.seye;MN4C999X910000425246;200;26/02/2026 12:42:37;
khadim.seye;MN4C999X910000425251;200;26/02/2026 12:51:24;
khadim.seye;MN4C999X910000425254;200;26/02/2026 12:48:43;
khadim.seye;MN4C999X910000425259;200;26/02/2026 12:41:55;
khadim.seye;MN4C999X910000425278;142;26/02/2026 12:39:29;
engine;MN4C999X920000252494;200;26/02/2026 15:05:50;
engine;MN4C999X920000252499;199;26/02/2026 15:07:53;
engine;MN4C999X920000255458;200;26/02/2026 12:53:56;
engine;MN4C999X920000255459;200;26/02/2026 12:57:21;
engine;MN4C999X920000255461;200;26/02/2026 12:35:58;
engine;MN4C999X920000255464;200;26/02/2026 12:54:18;
engine;MN4C999X920000255466;200;26/02/2026 12:51:04;
engine;MN4C999X920000255468;200;26/02/2026 12:36:42;
engine;MN4C999X920000255469;200;26/02/2026 12:46:57;
engine;MN4C999X920000255471;200;26/02/2026 12:35:18;
engine;MN4C999X920000255475;200;26/02/2026 12:52:09;
engine;MN4C999X920000255479;150;26/02/2026 12:39:08;
engine;MN4C999X920000255488;200;26/02/2026 13:17:42;
engine;MN4C999X920000255504;200;26/02/2026 13:25:26;
engine;MN4C999X920000255509;33;26/02/2026 13:21:39;
djuljdana.murtezani;MN4C999X920000255515;200;26/02/2026 14:07:54;
djuljdana.murtezani;MN4C999X920000255537;200;26/02/2026 14:10:07;
djuljdana.murtezani;MN4C999X920000255542;200;26/02/2026 14:15:25;
djuljdana.murtezani;MN4C999X920000255544;200;26/02/2026 14:13:12;
djuljdana.murtezani;MN4C999X920000255545;200;26/02/2026 14:10:54;
djuljdana.murtezani;MN4C999X920000255550;169;26/02/2026 14:13:33;
djuljdana.murtezani;MN4C999X920000255578;200;26/02/2026 15:11:03;
djuljdana.murtezani;MN4C999X920000255587;200;26/02/2026 15:11:23;
djuljdana.murtezani;MN4C999X920000255594;22;26/02/2026 15:08:36;
djuljdana.murtezani;MN4C999X920000255597;200;26/02/2026 15:17:35;
djuljdana.murtezani;MN4C999X920000255601;187;26/02/2026 15:18:51;
djuljdana.murtezani;MN4C999X920000255622;200;26/02/2026 16:05:24;
djuljdana.murtezani;MN4C999X920000255633;145;26/02/2026 16:04:44;
djuljdana.murtezani;MN4C999X920000255637;200;26/02/2026 16:20:02;
djuljdana.murtezani;MN4C999X920000255641;200;26/02/2026 16:24:15;
djuljdana.murtezani;MN4C999X920000255642;200;26/02/2026 16:24:37;
djuljdana.murtezani;MN4C999X920000255643;200;26/02/2026 16:24:59;
djuljdana.murtezani;MN4C999X920000255644;200;26/02/2026 16:18:27;
djuljdana.murtezani;MN4C999X920000255650;200;26/02/2026 16:20:26;
djuljdana.murtezani;MN4C999X920000255651;200;26/02/2026 16:22:00;
djuljdana.murtezani;MN4C999X920000255655;103;26/02/2026 16:19:45;
djuljdana.murtezani;MN4C999X920000255658;200;26/02/2026 20:27:48;
djuljdana.murtezani;MN4C999X920000255669;200;26/02/2026 20:29:14;
djuljdana.murtezani;MN4C999X920000255673;200;26/02/2026 21:11:36;
djuljdana.murtezani;MN4C999X920000255675;200;26/02/2026 20:28:53;
djuljdana.murtezani;MN4C999X920000255679;200;26/02/2026 21:13:43;
djuljdana.murtezani;MN4C999X920000255685;200;26/02/2026 20:51:56;
djuljdana.murtezani;MN4C999X920000255686;200;26/02/2026 21:04:56;
djuljdana.murtezani;MN4C999X920000255687;200;26/02/2026 20:32:39;
djuljdana.murtezani;MN4C999X920000255688;26;26/02/2026 20:14:13;
djuljdana.murtezani;MN4C999X920000255694;200;26/02/2026 21:08:58;
djuljdana.murtezani;MN4C999X920000255695;200;26/02/2026 20:38:41;
djuljdana.murtezani;MN4C999X920000255696;200;26/02/2026 20:50:39;
djuljdana.murtezani;MN4C999X920000255697;200;26/02/2026 21:22:32;
djuljdana.murtezani;MN4C999X920000255700;200;26/02/2026 20:18:35;
djuljdana.murtezani;MN4C999X920000255701;200;26/02/2026 20:22:12;
djuljdana.murtezani;MN4C999X920000255702;200;26/02/2026 21:07:15;
djuljdana.murtezani;MN4C999X920000255705;200;26/02/2026 20:33:02;
djuljdana.murtezani;MN4C999X920000255707;200;26/02/2026 20:48:11;
djuljdana.murtezani;MN4C999X920000255708;200;26/02/2026 20:24:54;
djuljdana.murtezani;MN4C999X920000255709;200;26/02/2026 20:16:15;
djuljdana.murtezani;MN4C999X920000255710;200;26/02/2026 20:48:31;
djuljdana.murtezani;MN4C999X920000255711;200;26/02/2026 20:41:13;
djuljdana.murtezani;MN4C999X920000255713;200;26/02/2026 20:48:51;
djuljdana.murtezani;MN4C999X920000255720;200;26/02/2026 20:17:19;
djuljdana.murtezani;MN4C999X920000255721;200;26/02/2026 20:31:45;
djuljdana.murtezani;MN4C999X920000255723;189;26/02/2026 20:17:42;
djuljdana.murtezani;MN4C999X920000255737;200;26/02/2026 21:18:45;
djuljdana.murtezani;MN4C999X920000255742;2;26/02/2026 21:12:56;
djuljdana.murtezani;MN4C999X920000255759;200;26/02/2026 21:14:38;
djuljdana.murtezani;MN4C999X920000255763;200;26/02/2026 20:47:23;
djuljdana.murtezani;MN4C999X920000255776;190;26/02/2026 20:46:43;
djuljdana.murtezani;MN4C999X920000255791;200;26/02/2026 20:14:47;
djuljdana.murtezani;MN4C999X920000255798;53;26/02/2026 20:30:00;
djuljdana.murtezani;MN4C999X920000255818;193;26/02/2026 19:38:14;
alessandro.toso;MN4C999X930000407612;39;26/02/2026 13:29:13;
mirco.guandalini;MN4C999X930000408053;40;26/02/2026 13:18:07;
ivan.albano;MN4C999X930000411317;38;26/02/2026 09:27:52;
ivan.albano;MN4C999X930000411318;40;26/02/2026 09:28:03;
ivan.albano;MN4C999X930000411320;40;26/02/2026 09:17:16;
ivan.albano;MN4C999X930000411338;23;26/02/2026 09:24:58;
ivan.albano;MN4C999X930000411345;40;26/02/2026 10:20:13;
ivan.albano;MN4C999X930000411351;40;26/02/2026 10:32:48;
ivan.albano;MN4C999X930000411359;40;26/02/2026 10:24:54;
ivan.albano;MN4C999X930000411363;15;26/02/2026 10:27:23;
ivan.albano;MN4C999X930000411368;39;26/02/2026 12:03:59;
ivan.albano;MN4C999X930000411369;40;26/02/2026 12:05:46;
ivan.albano;MN4C999X930000411370;40;26/02/2026 12:02:00;
ivan.albano;MN4C999X930000411371;40;26/02/2026 12:02:11;
ivan.albano;MN4C999X930000411372;40;26/02/2026 12:02:22;
engine;MN4C999X930000411388;25;26/02/2026 12:04:30;
engine;MN4C999X930000411392;1;26/02/2026 12:01:26;
mirco.guandalini;MN4C999X930000411398;40;26/02/2026 13:48:03;
mirco.guandalini;MN4C999X930000411404;40;26/02/2026 13:46:59;
mirco.guandalini;MN4C999X930000411413;17;26/02/2026 13:47:06;
mirco.guandalini;MN4C999X930000411418;40;26/02/2026 14:24:25;
mirco.guandalini;MN4C999X930000411424;40;26/02/2026 14:22:05;
mirco.guandalini;MN4C999X930000411433;8;26/02/2026 14:23:48;
mirco.guandalini;MN4C999X930000411435;40;26/02/2026 14:21:18;
mirco.guandalini;MN4C999X930000411436;40;26/02/2026 14:20:04;
mirco.guandalini;MN4C999X930000411437;40;26/02/2026 14:22:59;
mirco.guandalini;MN4C999X930000411439;40;26/02/2026 14:25:10;
mirco.guandalini;MN4C999X930000411454;33;26/02/2026 14:22:35;
mirco.guandalini;MN4C999X930000411463;40;26/02/2026 14:51:13;
mirco.guandalini;MN4C999X930000411480;39;26/02/2026 14:49:09;
mirco.guandalini;MN4C999X930000411489;40;26/02/2026 15:26:38;
mirco.guandalini;MN4C999X930000411490;40;26/02/2026 15:28:26;
mirco.guandalini;MN4C999X930000411492;40;26/02/2026 15:29:32;
mirco.guandalini;MN4C999X930000411493;40;26/02/2026 15:28:49;
mirco.guandalini;MN4C999X930000411501;40;26/02/2026 15:27:44;
mirco.guandalini;MN4C999X930000411506;40;26/02/2026 15:29:41;
mirco.guandalini;MN4C999X930000411510;14;26/02/2026 15:26:55;
mirco.guandalini;MN4C999X930000411512;40;26/02/2026 16:17:32;
mirco.guandalini;MN4C999X930000411513;40;26/02/2026 16:13:12;
mirco.guandalini;MN4C999X930000411514;40;26/02/2026 16:17:43;
mirco.guandalini;MN4C999X930000411515;40;26/02/2026 16:13:22;
mirco.guandalini;MN4C999X930000411526;40;26/02/2026 16:11:55;
engine;MN4C999X930000411530;40;26/02/2026 21:06:44;
engine;MN4C999X930000411531;40;26/02/2026 21:21:06;
engine;MN4C999X930000411532;40;26/02/2026 20:59:12;
engine;MN4C999X930000411533;40;26/02/2026 20:33:26;
engine;MN4C999X930000411534;40;26/02/2026 20:17:53;
engine;MN4C999X930000411536;40;26/02/2026 21:09:41;
engine;MN4C999X930000411542;40;26/02/2026 20:35:14;
engine;MN4C999X930000411543;40;26/02/2026 20:57:13;
engine;MN4C999X930000411547;40;26/02/2026 20:24:34;
engine;MN4C999X930000411548;40;26/02/2026 20:25:06;
engine;MN4C999X930000411549;40;26/02/2026 20:41:36;
engine;MN4C999X930000411550;40;26/02/2026 20:41:47;
engine;MN4C999X930000411551;40;26/02/2026 21:09:30;
engine;MN4C999X930000411559;10;26/02/2026 20:35:55;
engine;MN4C999X930000411565;40;26/02/2026 21:24:15;
engine;MN4C999X930000411580;40;26/02/2026 21:01:13;
engine;MN4C999X930000411585;40;26/02/2026 21:20:56;
engine;MN4C999X930000411587;14;26/02/2026 20:45:01;
engine;MN4C999X930000411615;40;26/02/2026 20:31:58;
engine;MN4C999X930000411617;40;26/02/2026 21:20:15;
engine;MN4C999X930000411618;40;26/02/2026 20:50:54;
engine;MN4C999X930000411620;40;26/02/2026 20:59:23;
engine;MN4C999X930000411622;40;26/02/2026 21:23:00;
engine;MN4C999X930000411632;24;26/02/2026 20:23:51;
engine;MN4C999X930000411636;40;26/02/2026 21:24:47;
engine;MN4C999X930000411637;40;26/02/2026 20:49:47;
engine;MN4C999X930000411638;40;26/02/2026 20:23:18;
engine;MN4C999X930000411639;40;26/02/2026 20:24:23;
engine;MN4C999X930000411640;40;26/02/2026 20:16:36;
engine;MN4C999X930000411641;40;26/02/2026 20:40:53;
engine;MN4C999X930000411642;40;26/02/2026 21:07:40;
engine;MN4C999X930000411643;40;26/02/2026 21:08:36;
engine;MN4C999X930000411644;17;26/02/2026 20:41:56;
engine;MN4C999X930000411647;40;26/02/2026 20:23:07;
engine;MN4C999X930000411648;40;26/02/2026 20:50:08;
engine;MN4C999X930000411649;40;26/02/2026 20:40:42;
engine;MN4C999X930000411650;40;26/02/2026 20:16:59;
engine;MN4C999X930000411651;40;26/02/2026 20:25:18;
engine;MN4C999X930000411652;39;26/02/2026 21:08:17;
engine;MN4C999X930000411655;40;26/02/2026 20:18:17;
engine;MN4C999X930000411656;40;26/02/2026 20:26:34;
engine;MN4C999X930000411657;40;26/02/2026 21:23:29;
engine;MN4C999X930000411658;40;26/02/2026 21:10:26;
engine;MN4C999X930000411659;40;26/02/2026 20:43:57;
mirco.guandalini;MN4C999X930000411660;40;26/02/2026 20:35:04;
mirco.guandalini;MN4C999X930000411661;15;26/02/2026 21:24:33;
mirco.guandalini;MN4C999X930000411676;10;26/02/2026 21:21:14;
mirco.guandalini;MN4C999X930000411687;40;26/02/2026 19:41:26;
mirco.guandalini;MN4C999X930000411688;40;26/02/2026 19:38:44;
mirco.guandalini;MN4C999X930000411689;40;26/02/2026 19:37:49;
mirco.guandalini;MN4C999X930000411690;40;26/02/2026 19:38:54;
mirco.guandalini;MN4C999X930000411691;40;26/02/2026 19:36:55;
mirco.guandalini;MN4C999X930000411697;13;26/02/2026 19:34:32;
postel\fernando.dineth;MN4N009B000001442824;30;26/02/2026 02:59:12;
postel\fernando.dineth;MN4N009B000001444871;17;26/02/2026 02:57:23;
postel\fernando.dineth;MN4N009M000001443833;50;26/02/2026 01:42:51;
postel\fernando.dineth;MN4N009M000001444916;50;26/02/2026 01:42:31;
postel\fernando.dineth;MN4N009M000001444918;50;26/02/2026 01:42:04;
postel\fernando.dineth;MN4N009M000001444955;50;26/02/2026 01:41:47;
postel\fernando.dineth;MN4N009M000001444957;50;26/02/2026 01:41:07;
postel\fernando.dineth;MN4N009M000001444958;50;26/02/2026 01:40:36;
postel\fernando.dineth;MN4N009M000001444960;50;26/02/2026 01:40:06;
postel\fernando.dineth;MN4N009M000001445047;50;26/02/2026 01:39:34;
postel\fernando.dineth;MN4N009M000001445049;50;26/02/2026 01:39:18;
postel\fernando.dineth;MN4N009M000001445084;50;26/02/2026 01:38:48;
postel\lorena.ambrosi;MN4N009M000001445086;50;26/02/2026 13:42:52;
postel\lorena.ambrosi;MN4N009M000001445904;50;26/02/2026 13:41:16;
postel\lorena.ambrosi;MN4N009M000001445940;50;26/02/2026 13:39:58;
postel\lorena.ambrosi;MN4N009M000001445942;50;26/02/2026 13:38:33;
postel\lorena.ambrosi;MN4N009M000001445944;41;26/02/2026 13:38:01;
postel\fernando.dineth;MN4N009S000001443811;100;26/02/2026 02:05:00;
postel\fernando.dineth;MN4N009S000001445130;100;26/02/2026 02:13:04;
postel\fernando.dineth;MN4N009S000001445220;100;26/02/2026 07:16:37;
postel\fernando.dineth;MN4N009S000001445248;100;26/02/2026 02:48:11;
postel\cristina.scandola;MN4N009S000001445313;100;26/02/2026 14:25:39;
postel\fernando.dineth;MN4N009S000001445427;100;26/02/2026 07:35:24;
postel\cristina.scandola;MN4N009S000001445447;100;26/02/2026 14:32:09;
engine;MN4N999X910000422515;200;26/02/2026 15:27:32;
engine;MN4N999X910000422516;200;26/02/2026 16:44:12;
khadim.seye;MN4N999X910000425129;200;26/02/2026 09:22:07;
khadim.seye;MN4N999X910000425132;175;26/02/2026 09:26:24;
khadim.seye;MN4N999X910000425149;200;26/02/2026 10:22:53;
khadim.seye;MN4N999X910000425150;200;26/02/2026 10:29:23;
khadim.seye;MN4N999X910000425152;200;26/02/2026 10:34:45;
khadim.seye;MN4N999X910000425153;200;26/02/2026 10:22:34;
khadim.seye;MN4N999X910000425154;200;26/02/2026 10:35:06;
khadim.seye;MN4N999X910000425156;200;26/02/2026 10:35:28;
khadim.seye;MN4N999X910000425157;200;26/02/2026 10:19:18;
khadim.seye;MN4N999X910000425175;55;26/02/2026 10:31:23;
khadim.seye;MN4N999X910000425179;200;26/02/2026 10:44:16;
khadim.seye;MN4N999X910000425180;200;26/02/2026 10:44:38;
khadim.seye;MN4N999X910000425181;200;26/02/2026 10:38:20;
khadim.seye;MN4N999X910000425182;200;26/02/2026 10:36:33;
khadim.seye;MN4N999X910000425202;111;26/02/2026 10:43:08;
khadim.seye;MN4N999X910000425205;200;26/02/2026 10:55:36;
khadim.seye;MN4N999X910000425206;200;26/02/2026 10:56:52;
khadim.seye;MN4N999X910000425207;200;26/02/2026 10:54:52;
khadim.seye;MN4N999X910000425210;200;26/02/2026 10:48:04;
khadim.seye;MN4N999X910000425229;167;26/02/2026 10:55:12;
khadim.seye;MN4N999X910000425260;200;26/02/2026 12:45:30;
khadim.seye;MN4N999X910000425261;200;26/02/2026 12:45:52;
khadim.seye;MN4N999X910000425271;200;26/02/2026 12:40:15;
khadim.seye;MN4N999X910000425277;83;26/02/2026 12:40:31;
engine;MN4N999X920000252306;95;26/02/2026 09:01:39;
engine;MN4N999X920000252497;200;26/02/2026 15:06:12;
engine;MN4N999X920000255460;200;26/02/2026 12:44:03;
engine;MN4N999X920000255463;200;26/02/2026 12:47:39;
engine;MN4N999X920000255467;200;26/02/2026 12:36:19;
engine;MN4N999X920000255470;200;26/02/2026 12:47:18;
engine;MN4N999X920000255473;200;26/02/2026 12:38:30;
engine;MN4N999X920000255474;200;26/02/2026 12:42:59;
engine;MN4N999X920000255476;200;26/02/2026 12:56:59;
engine;MN4N999X920000255480;23;26/02/2026 12:50:21;
engine;MN4N999X920000255502;200;26/02/2026 13:24:42;
engine;MN4N999X920000255510;7;26/02/2026 13:19:17;
djuljdana.murtezani;MN4N999X920000255524;200;26/02/2026 14:07:14;
djuljdana.murtezani;MN4N999X920000255526;200;26/02/2026 14:09:06;
djuljdana.murtezani;MN4N999X920000255528;200;26/02/2026 14:11:56;
djuljdana.murtezani;MN4N999X920000255549;13;26/02/2026 14:05:33;
djuljdana.murtezani;MN4N999X920000255602;67;26/02/2026 15:08:55;
djuljdana.murtezani;MN4N999X920000255616;200;26/02/2026 16:15:53;
djuljdana.murtezani;MN4N999X920000255620;200;26/02/2026 16:14:06;
djuljdana.murtezani;MN4N999X920000255621;200;26/02/2026 16:08:19;
djuljdana.murtezani;MN4N999X920000255623;200;26/02/2026 16:16:16;
djuljdana.murtezani;MN4N999X920000255624;200;26/02/2026 16:14:28;
djuljdana.murtezani;MN4N999X920000255625;200;26/02/2026 16:05:44;
djuljdana.murtezani;MN4N999X920000255626;200;26/02/2026 16:10:07;
djuljdana.murtezani;MN4N999X920000255630;91;26/02/2026 16:16:30;
djuljdana.murtezani;MN4N999X920000255647;200;26/02/2026 16:19:12;
djuljdana.murtezani;MN4N999X920000255656;184;26/02/2026 16:23:31;
djuljdana.murtezani;MN4N999X920000255661;200;26/02/2026 20:19:41;
djuljdana.murtezani;MN4N999X920000255662;200;26/02/2026 20:20:04;
djuljdana.murtezani;MN4N999X920000255663;200;26/02/2026 20:35:46;
djuljdana.murtezani;MN4N999X920000255664;200;26/02/2026 20:14:01;
djuljdana.murtezani;MN4N999X920000255690;35;26/02/2026 20:19:08;
djuljdana.murtezani;MN4N999X920000255698;200;26/02/2026 20:39:03;
djuljdana.murtezani;MN4N999X920000255725;187;26/02/2026 20:22:34;
djuljdana.murtezani;MN4N999X920000255730;200;26/02/2026 21:21:55;
djuljdana.murtezani;MN4N999X920000255733;200;26/02/2026 20:39:34;
djuljdana.murtezani;MN4N999X920000255741;187;26/02/2026 20:42:21;
djuljdana.murtezani;MN4N999X920000255747;200;26/02/2026 20:54:07;
djuljdana.murtezani;MN4N999X920000255748;200;26/02/2026 20:46:01;
djuljdana.murtezani;MN4N999X920000255753;200;26/02/2026 21:17:22;
djuljdana.murtezani;MN4N999X920000255757;200;26/02/2026 20:15:47;
djuljdana.murtezani;MN4N999X920000255758;200;26/02/2026 20:31:07;
djuljdana.murtezani;MN4N999X920000255764;200;26/02/2026 20:54:35;
djuljdana.murtezani;MN4N999X920000255768;200;26/02/2026 20:55:13;
djuljdana.murtezani;MN4N999X920000255771;200;26/02/2026 20:56:01;
djuljdana.murtezani;MN4N999X920000255773;200;26/02/2026 21:03:31;
djuljdana.murtezani;MN4N999X920000255777;124;26/02/2026 21:14:58;
djuljdana.murtezani;MN4N999X920000255780;200;26/02/2026 21:15:27;
djuljdana.murtezani;MN4N999X920000255783;200;26/02/2026 20:30:24;
djuljdana.murtezani;MN4N999X920000255792;200;26/02/2026 20:27:28;
djuljdana.murtezani;MN4N999X920000255794;200;26/02/2026 20:53:17;
djuljdana.murtezani;MN4N999X920000255795;200;26/02/2026 21:11:03;
djuljdana.murtezani;MN4N999X920000255799;181;26/02/2026 20:45:32;
djuljdana.murtezani;MN4N999X920000255801;200;26/02/2026 19:41:04;
djuljdana.murtezani;MN4N999X920000255803;200;26/02/2026 19:37:40;
djuljdana.murtezani;MN4N999X920000255810;200;26/02/2026 19:35:03;
djuljdana.murtezani;MN4N999X920000255813;200;26/02/2026 19:41:48;
djuljdana.murtezani;MN4N999X920000255814;200;26/02/2026 19:33:05;
djuljdana.murtezani;MN4N999X920000255820;192;26/02/2026 19:36:42;
ivan.albano;MN4N999X930000411335;40;26/02/2026 09:28:25;
ivan.albano;MN4N999X930000411389;11;26/02/2026 12:04:41;
engine;MN4N999X930000411393;15;26/02/2026 12:05:34;
mirco.guandalini;MN4N999X930000411414;27;26/02/2026 13:47:51;
mirco.guandalini;MN4N999X930000411431;20;26/02/2026 14:19:39;
mirco.guandalini;MN4N999X930000411434;40;26/02/2026 14:18:55;
mirco.guandalini;MN4N999X930000411451;40;26/02/2026 14:20:28;
mirco.guandalini;MN4N999X930000411455;8;26/02/2026 14:19:02;
mirco.guandalini;MN4N999X930000411462;40;26/02/2026 14:51:02;
mirco.guandalini;MN4N999X930000411465;40;26/02/2026 14:48:33;
mirco.guandalini;MN4N999X930000411468;40;26/02/2026 14:50:40;
mirco.guandalini;MN4N999X930000411470;40;26/02/2026 14:50:50;
mirco.guandalini;MN4N999X930000411471;40;26/02/2026 14:50:18;
mirco.guandalini;MN4N999X930000411473;40;26/02/2026 14:48:52;
mirco.guandalini;MN4N999X930000411475;40;26/02/2026 14:50:30;
mirco.guandalini;MN4N999X930000411481;12;26/02/2026 14:51:52;
mirco.guandalini;MN4N999X930000411498;40;26/02/2026 15:31:33;
mirco.guandalini;MN4N999X930000411511;30;26/02/2026 15:27:07;
mirco.guandalini;MN4N999X930000411521;40;26/02/2026 16:09:23;
mirco.guandalini;MN4N999X930000411522;40;26/02/2026 16:12:28;
mirco.guandalini;MN4N999X930000411523;40;26/02/2026 16:05:56;
mirco.guandalini;MN4N999X930000411524;40;26/02/2026 16:06:07;
mirco.guandalini;MN4N999X930000411527;25;26/02/2026 16:05:00;
engine;MN4N999X930000411544;40;26/02/2026 20:49:36;
engine;MN4N999X930000411545;40;26/02/2026 20:24:02;
engine;MN4N999X930000411546;39;26/02/2026 20:40:31;
engine;MN4N999X930000411560;16;26/02/2026 21:01:34;
engine;MN4N999X930000411566;40;26/02/2026 20:22:47;
engine;MN4N999X930000411588;28;26/02/2026 21:22:14;
engine;MN4N999X930000411621;40;26/02/2026 21:09:14;
engine;MN4N999X930000411633;15;26/02/2026 20:40:19;
engine;MN4N999X930000411645;17;26/02/2026 20:18:45;
engine;MN4N999X930000411653;2;26/02/2026 20:18:01;
engine;MN4N999X930000411662;6;26/02/2026 20:44:17;
mirco.guandalini;MN4N999X930000411663;2;26/02/2026 20:27:03;
mirco.guandalini;MN4N999X930000411692;40;26/02/2026 19:39:06;
mirco.guandalini;MN4N999X930000411693;40;26/02/2026 19:40:46;
mirco.guandalini;MN4N999X930000411695;40;26/02/2026 19:33:30;
mirco.guandalini;MN4N999X930000411698;12;26/02/2026 19:41:13;
postel\fernando.dineth;MN4R009B000001438177;13;26/02/2026 02:57:13;
postel\fernando.dineth;MN4R009M000001442893;50;26/02/2026 01:36:12;
postel\fernando.dineth;MN4R009M000001444956;50;26/02/2026 01:35:52;
postel\fernando.dineth;MN4R009M000001445045;50;26/02/2026 01:35:12;
postel\lorena.ambrosi;MN4R009M000001445051;50;26/02/2026 11:40:46;
postel\lorena.ambrosi;MN4R009M000001445935;50;26/02/2026 11:24:35;
postel\lorena.ambrosi;MN4R009M000001445937;50;26/02/2026 11:01:13;
postel\lorena.ambrosi;MN4R009M000001445941;42;26/02/2026 13:40:23;
postel\lorena.ambrosi;MN4R009S000001443832;96;26/02/2026 12:06:02;
khadim.seye;MN4R999X910000425085;200;26/02/2026 08:21:53;
khadim.seye;MN4R999X910000425087;200;26/02/2026 08:22:13;
khadim.seye;MN4R999X910000425088;200;26/02/2026 08:20:16;
khadim.seye;MN4R999X910000425089;200;26/02/2026 08:22:34;
khadim.seye;MN4R999X910000425090;200;26/02/2026 08:23:17;
khadim.seye;MN4R999X910000425091;200;26/02/2026 08:18:06;
khadim.seye;MN4R999X910000425093;200;26/02/2026 08:21:21;
khadim.seye;MN4R999X910000425094;200;26/02/2026 08:18:48;
khadim.seye;MN4R999X910000425095;200;26/02/2026 08:23:38;
khadim.seye;MN4R999X910000425096;200;26/02/2026 08:17:23;
khadim.seye;MN4R999X910000425098;200;26/02/2026 08:22:56;
khadim.seye;MN4R999X910000425102;200;26/02/2026 08:25:26;
khadim.seye;MN4R999X910000425105;200;26/02/2026 08:19:31;
khadim.seye;MN4R999X910000425108;169;26/02/2026 08:20:56;
khadim.seye;MN4R999X910000425111;200;26/02/2026 09:21:25;
khadim.seye;MN4R999X910000425113;200;26/02/2026 09:26:03;
khadim.seye;MN4R999X910000425114;200;26/02/2026 09:22:38;
khadim.seye;MN4R999X910000425116;200;26/02/2026 09:29:05;
khadim.seye;MN4R999X910000425119;200;26/02/2026 09:24:16;
khadim.seye;MN4R999X910000425122;200;26/02/2026 09:20:30;
khadim.seye;MN4R999X910000425123;200;26/02/2026 09:19:46;
khadim.seye;MN4R999X910000425126;200;26/02/2026 09:28:44;
khadim.seye;MN4R999X910000425130;200;26/02/2026 09:24:36;
khadim.seye;MN4R999X910000425134;45;26/02/2026 09:23:33;
khadim.seye;MN4R999X910000425137;200;26/02/2026 10:35:51;
khadim.seye;MN4R999X910000425139;200;26/02/2026 10:33:19;
khadim.seye;MN4R999X910000425140;198;26/02/2026 10:34:03;
khadim.seye;MN4R999X910000425142;200;26/02/2026 10:25:38;
khadim.seye;MN4R999X910000425143;200;26/02/2026 10:32:06;
khadim.seye;MN4R999X910000425144;200;26/02/2026 10:22:11;
khadim.seye;MN4R999X910000425146;200;26/02/2026 10:34:24;
khadim.seye;MN4R999X910000425155;200;26/02/2026 10:24:32;
khadim.seye;MN4R999X910000425158;200;26/02/2026 10:27:56;
khadim.seye;MN4R999X910000425160;200;26/02/2026 10:24:10;
khadim.seye;MN4R999X910000425161;200;26/02/2026 10:29:00;
khadim.seye;MN4R999X910000425162;200;26/02/2026 10:31:09;
khadim.seye;MN4R999X910000425163;200;26/02/2026 10:30:05;
khadim.seye;MN4R999X910000425164;200;26/02/2026 10:28:28;
khadim.seye;MN4R999X910000425165;200;26/02/2026 10:23:36;
khadim.seye;MN4R999X910000425166;200;26/02/2026 10:27:04;
khadim.seye;MN4R999X910000425168;200;26/02/2026 10:32:25;
khadim.seye;MN4R999X910000425169;200;26/02/2026 10:36:11;
khadim.seye;MN4R999X910000425172;200;26/02/2026 10:20:02;
khadim.seye;MN4R999X910000425173;44;26/02/2026 10:28:40;
khadim.seye;MN4R999X910000425193;200;26/02/2026 10:43:34;
khadim.seye;MN4R999X910000425196;200;26/02/2026 10:43:56;
khadim.seye;MN4R999X910000425197;200;26/02/2026 10:37:06;
khadim.seye;MN4R999X910000425199;200;26/02/2026 10:45:00;
khadim.seye;MN4R999X910000425200;200;26/02/2026 10:41:48;
khadim.seye;MN4R999X910000425203;29;26/02/2026 10:38:00;
khadim.seye;MN4R999X910000425208;200;26/02/2026 10:54:09;
khadim.seye;MN4R999X910000425209;200;26/02/2026 10:53:47;
khadim.seye;MN4R999X910000425212;200;26/02/2026 10:51:09;
khadim.seye;MN4R999X910000425213;200;26/02/2026 10:50:25;
khadim.seye;MN4R999X910000425214;200;26/02/2026 10:52:02;
khadim.seye;MN4R999X910000425216;200;26/02/2026 10:52:22;
khadim.seye;MN4R999X910000425217;200;26/02/2026 10:52:43;
khadim.seye;MN4R999X910000425218;200;26/02/2026 10:55:57;
khadim.seye;MN4R999X910000425219;200;26/02/2026 10:56:31;
khadim.seye;MN4R999X910000425221;198;26/02/2026 10:48:25;
khadim.seye;MN4R999X910000425222;200;26/02/2026 10:53:05;
khadim.seye;MN4R999X910000425223;200;26/02/2026 10:49:51;
khadim.seye;MN4R999X910000425224;200;26/02/2026 10:53:26;
khadim.seye;MN4R999X910000425225;200;26/02/2026 10:49:08;
khadim.seye;MN4R999X910000425226;200;26/02/2026 10:48:46;
khadim.seye;MN4R999X910000425227;200;26/02/2026 10:51:40;
khadim.seye;MN4R999X910000425231;43;26/02/2026 10:56:09;
khadim.seye;MN4R999X910000425235;200;26/02/2026 12:49:05;
khadim.seye;MN4R999X910000425236;200;26/02/2026 12:47:59;
khadim.seye;MN4R999X910000425240;200;26/02/2026 12:52:30;
khadim.seye;MN4R999X910000425241;200;26/02/2026 12:55:22;
khadim.seye;MN4R999X910000425244;200;26/02/2026 12:54:59;
khadim.seye;MN4R999X910000425245;198;26/02/2026 12:52:50;
khadim.seye;MN4R999X910000425252;200;26/02/2026 12:44:24;
khadim.seye;MN4R999X910000425253;200;26/02/2026 12:46:33;
khadim.seye;MN4R999X910000425262;200;26/02/2026 12:55:43;
khadim.seye;MN4R999X910000425263;200;26/02/2026 12:49:26;
khadim.seye;MN4R999X910000425265;200;26/02/2026 12:56:04;
khadim.seye;MN4R999X910000425268;200;26/02/2026 12:37:45;
khadim.seye;MN4R999X910000425275;148;26/02/2026 12:57:38;
engine;MN4R999X920000255478;166;26/02/2026 12:43:19;
engine;MN4R999X920000255483;200;26/02/2026 13:18:24;
engine;MN4R999X920000255484;200;26/02/2026 13:23:58;
engine;MN4R999X920000255489;200;26/02/2026 13:21:28;
engine;MN4R999X920000255494;200;26/02/2026 13:20:24;
engine;MN4R999X920000255495;200;26/02/2026 13:20:43;
engine;MN4R999X920000255496;200;26/02/2026 13:21:07;
engine;MN4R999X920000255497;200;26/02/2026 13:25:02;
engine;MN4R999X920000255499;200;26/02/2026 13:18:03;
engine;MN4R999X920000255505;200;26/02/2026 13:22:32;
engine;MN4R999X920000255506;200;26/02/2026 13:20:00;
engine;MN4R999X920000255508;142;26/02/2026 13:19:03;
djuljdana.murtezani;MN4R999X920000255519;200;26/02/2026 14:04:18;
djuljdana.murtezani;MN4R999X920000255522;200;26/02/2026 14:13:56;
djuljdana.murtezani;MN4R999X920000255532;200;26/02/2026 14:12:23;
djuljdana.murtezani;MN4R999X920000255535;200;26/02/2026 14:04:41;
djuljdana.murtezani;MN4R999X920000255536;200;26/02/2026 14:12:51;
djuljdana.murtezani;MN4R999X920000255541;200;26/02/2026 14:14:18;
djuljdana.murtezani;MN4R999X920000255543;200;26/02/2026 14:10:31;
djuljdana.murtezani;MN4R999X920000255548;118;26/02/2026 14:16:04;
djuljdana.murtezani;MN4R999X920000255557;200;26/02/2026 15:23:37;
djuljdana.murtezani;MN4R999X920000255558;200;26/02/2026 15:16:11;
djuljdana.murtezani;MN4R999X920000255567;200;26/02/2026 15:16:59;
djuljdana.murtezani;MN4R999X920000255569;200;26/02/2026 15:13:23;
djuljdana.murtezani;MN4R999X920000255570;200;26/02/2026 15:11:45;
djuljdana.murtezani;MN4R999X920000255572;200;26/02/2026 15:24:44;
djuljdana.murtezani;MN4R999X920000255574;200;26/02/2026 15:20:02;
djuljdana.murtezani;MN4R999X920000255576;200;26/02/2026 15:19:36;
djuljdana.murtezani;MN4R999X920000255577;200;26/02/2026 15:09:45;
djuljdana.murtezani;MN4R999X920000255579;200;26/02/2026 15:25:05;
djuljdana.murtezani;MN4R999X920000255580;200;26/02/2026 15:12:56;
djuljdana.murtezani;MN4R999X920000255582;200;26/02/2026 15:10:10;
djuljdana.murtezani;MN4R999X920000255585;200;26/02/2026 15:12:10;
djuljdana.murtezani;MN4R999X920000255590;200;26/02/2026 15:26:12;
djuljdana.murtezani;MN4R999X920000255591;9;26/02/2026 15:26:20;
djuljdana.murtezani;MN4R999X920000255606;200;26/02/2026 16:06:28;
djuljdana.murtezani;MN4R999X920000255610;200;26/02/2026 16:06:57;
djuljdana.murtezani;MN4R999X920000255611;200;26/02/2026 16:04:16;
djuljdana.murtezani;MN4R999X920000255613;200;26/02/2026 16:09:44;
djuljdana.murtezani;MN4R999X920000255614;200;26/02/2026 16:10:50;
djuljdana.murtezani;MN4R999X920000255615;200;26/02/2026 16:14:48;
djuljdana.murtezani;MN4R999X920000255634;163;26/02/2026 16:13:00;
djuljdana.murtezani;MN4R999X920000255649;200;26/02/2026 16:21:13;
djuljdana.murtezani;MN4R999X920000255654;158;26/02/2026 16:19:28;
djuljdana.murtezani;MN4R999X920000255660;200;26/02/2026 20:28:10;
djuljdana.murtezani;MN4R999X920000255674;200;26/02/2026 20:13:40;
djuljdana.murtezani;MN4R999X920000255676;200;26/02/2026 20:20:46;
djuljdana.murtezani;MN4R999X920000255677;200;26/02/2026 21:01:57;
djuljdana.murtezani;MN4R999X920000255678;200;26/02/2026 21:12:47;
djuljdana.murtezani;MN4R999X920000255683;200;26/02/2026 20:47:47;
djuljdana.murtezani;MN4R999X920000255689;140;26/02/2026 21:10:08;
djuljdana.murtezani;MN4R999X920000255714;200;26/02/2026 20:51:33;
djuljdana.murtezani;MN4R999X920000255726;120;26/02/2026 20:40:03;
djuljdana.murtezani;MN4R999X920000255744;1;26/02/2026 21:03:00;
djuljdana.murtezani;MN4R999X920000255750;200;26/02/2026 20:21:51;
djuljdana.murtezani;MN4R999X920000255774;155;26/02/2026 20:55:33;
djuljdana.murtezani;MN4R999X920000255797;40;26/02/2026 20:14:59;
djuljdana.murtezani;MN4R999X920000255807;200;26/02/2026 19:38:33;
djuljdana.murtezani;MN4R999X920000255808;200;26/02/2026 19:39:25;
djuljdana.murtezani;MN4R999X920000255809;200;26/02/2026 19:37:17;
djuljdana.murtezani;MN4R999X920000255817;155;26/02/2026 19:43:10;
ivan.albano;MN4R999X930000411319;40;26/02/2026 09:19:04;
ivan.albano;MN4R999X930000411322;40;26/02/2026 09:18:10;
ivan.albano;MN4R999X930000411323;40;26/02/2026 09:22:18;
ivan.albano;MN4R999X930000411329;40;26/02/2026 09:23:55;
ivan.albano;MN4R999X930000411334;40;26/02/2026 09:26:58;
ivan.albano;MN4R999X930000411340;24;26/02/2026 09:28:12;
ivan.albano;MN4R999X930000411343;40;26/02/2026 10:27:14;
ivan.albano;MN4R999X930000411350;40;26/02/2026 10:23:17;
ivan.albano;MN4R999X930000411352;40;26/02/2026 10:32:59;
ivan.albano;MN4R999X930000411353;40;26/02/2026 10:21:51;
ivan.albano;MN4R999X930000411354;40;26/02/2026 10:27:36;
ivan.albano;MN4R999X930000411355;40;26/02/2026 10:23:49;
ivan.albano;MN4R999X930000411356;40;26/02/2026 10:23:06;
ivan.albano;MN4R999X930000411357;40;26/02/2026 10:28:08;
ivan.albano;MN4R999X930000411358;40;26/02/2026 10:24:43;
ivan.albano;MN4R999X930000411361;40;26/02/2026 10:25:04;
ivan.albano;MN4R999X930000411374;40;26/02/2026 12:04:10;
ivan.albano;MN4R999X930000411375;40;26/02/2026 12:01:08;
ivan.albano;MN4R999X930000411376;40;26/02/2026 12:02:33;
ivan.albano;MN4R999X930000411377;40;26/02/2026 12:02:43;
ivan.albano;MN4R999X930000411378;40;26/02/2026 12:01:19;
engine;MN4R999X930000411386;9;26/02/2026 12:00:43;
ivan.albano;MN4R999X930000411387;5;26/02/2026 12:00:53;
engine;MN4R999X930000411394;7;26/02/2026 12:05:02;
mirco.guandalini;MN4R999X930000411411;2;26/02/2026 13:46:43;
mirco.guandalini;MN4R999X930000411430;2;26/02/2026 14:21:03;
mirco.guandalini;MN4R999X930000411456;3;26/02/2026 14:24:11;
mirco.guandalini;MN4R999X930000411482;7;26/02/2026 14:51:18;
mirco.guandalini;MN4R999X930000411505;40;26/02/2026 15:30:40;
mirco.guandalini;MN4R999X930000411508;5;26/02/2026 15:28:34;
mirco.guandalini;MN4R999X930000411517;40;26/02/2026 16:03:54;
mirco.guandalini;MN4R999X930000411520;40;26/02/2026 16:04:27;
mirco.guandalini;MN4R999X930000411528;9;26/02/2026 16:09:09;
engine;MN4R999X930000411538;39;26/02/2026 20:34:30;
engine;MN4R999X930000411539;40;26/02/2026 20:26:45;
engine;MN4R999X930000411540;40;26/02/2026 20:26:55;
engine;MN4R999X930000411541;40;26/02/2026 21:23:43;
engine;MN4R999X930000411554;40;26/02/2026 20:34:41;
engine;MN4R999X930000411556;40;26/02/2026 20:19:20;
engine;MN4R999X930000411561;25;26/02/2026 20:22:56;
engine;MN4R999X930000411634;2;26/02/2026 21:20:29;
mirco.guandalini;MN4R999X930000411699;8;26/02/2026 19:42:29;
postel\fernando.dineth;MN4S009B000001443614;30;26/02/2026 02:50:03;
postel\fernando.dineth;MN4S009B000001444868;20;26/02/2026 02:50:13;
postel\cristina.scandola;MN4S009B000001444878;20;26/02/2026 16:33:52;
postel\cristina.scandola;MN4S009B000001445846;18;26/02/2026 16:34:02;
postel\fernando.dineth;MN4S009M000001443661;50;26/02/2026 01:34:35;
postel\fernando.dineth;MN4S009M000001445044;48;26/02/2026 01:33:20;
postel\cristina.scandola;MN4S009M000001445087;50;26/02/2026 15:34:13;
postel\cristina.scandola;MN4S009M000001445880;50;26/02/2026 15:35:37;
postel\cristina.scandola;MN4S009M000001445939;49;26/02/2026 15:36:27;
postel\fernando.dineth;MN4S009S000001443813;100;26/02/2026 01:49:03;
postel\fernando.dineth;MN4S009S000001445247;100;26/02/2026 07:26:17;
postel\cristina.scandola;MN4S009S000001445446;97;26/02/2026 13:54:58;
khadim.seye;MN4S999X910000425086;200;26/02/2026 08:19:53;
khadim.seye;MN4S999X910000425092;200;26/02/2026 08:18:28;
khadim.seye;MN4S999X910000425097;200;26/02/2026 08:25:04;
khadim.seye;MN4S999X910000425099;200;26/02/2026 08:17:44;
khadim.seye;MN4S999X910000425100;200;26/02/2026 08:24:00;
khadim.seye;MN4S999X910000425101;200;26/02/2026 08:17:02;
khadim.seye;MN4S999X910000425103;200;26/02/2026 08:19:10;
khadim.seye;MN4S999X910000425104;200;26/02/2026 08:24:42;
khadim.seye;MN4S999X910000425106;200;26/02/2026 08:20:36;
khadim.seye;MN4S999X910000425107;200;26/02/2026 08:24:21;
khadim.seye;MN4S999X910000425109;78;26/02/2026 08:21:34;
khadim.seye;MN4S999X910000425112;200;26/02/2026 09:23:20;
khadim.seye;MN4S999X910000425115;200;26/02/2026 09:27:18;
khadim.seye;MN4S999X910000425117;200;26/02/2026 09:22:59;
khadim.seye;MN4S999X910000425118;200;26/02/2026 09:21:45;
khadim.seye;MN4S999X910000425120;200;26/02/2026 09:19:24;
khadim.seye;MN4S999X910000425121;200;26/02/2026 09:20:08;
khadim.seye;MN4S999X910000425125;200;26/02/2026 09:17:36;
khadim.seye;MN4S999X910000425131;200;26/02/2026 09:16:52;
khadim.seye;MN4S999X910000425136;73;26/02/2026 09:26:39;
khadim.seye;MN4S999X910000425138;200;26/02/2026 10:31:41;
khadim.seye;MN4S999X910000425141;200;26/02/2026 10:18:57;
khadim.seye;MN4S999X910000425147;200;26/02/2026 10:29:44;
khadim.seye;MN4S999X910000425148;200;26/02/2026 10:26:20;
khadim.seye;MN4S999X910000425151;200;26/02/2026 10:26:41;
khadim.seye;MN4S999X910000425159;200;26/02/2026 10:33:41;
khadim.seye;MN4S999X910000425167;200;26/02/2026 10:20:56;
khadim.seye;MN4S999X910000425170;200;26/02/2026 10:30:49;
khadim.seye;MN4S999X910000425171;200;26/02/2026 10:19:40;
khadim.seye;MN4S999X910000425178;82;26/02/2026 10:32:40;
khadim.seye;MN4S999X910000425183;200;26/02/2026 10:41:03;
khadim.seye;MN4S999X910000425185;200;26/02/2026 10:37:47;
khadim.seye;MN4S999X910000425186;200;26/02/2026 10:39:36;
khadim.seye;MN4S999X910000425187;200;26/02/2026 10:42:30;
khadim.seye;MN4S999X910000425188;200;26/02/2026 10:42:52;
khadim.seye;MN4S999X910000425189;200;26/02/2026 10:41:24;
khadim.seye;MN4S999X910000425190;200;26/02/2026 10:39:57;
khadim.seye;MN4S999X910000425191;200;26/02/2026 10:40:20;
khadim.seye;MN4S999X910000425192;200;26/02/2026 10:42:09;
khadim.seye;MN4S999X910000425194;200;26/02/2026 10:37:26;
khadim.seye;MN4S999X910000425195;200;26/02/2026 10:40:43;
khadim.seye;MN4S999X910000425198;200;26/02/2026 10:38:42;
khadim.seye;MN4S999X910000425201;61;26/02/2026 10:38:55;
khadim.seye;MN4S999X910000425211;200;26/02/2026 10:50:45;
khadim.seye;MN4S999X910000425228;94;26/02/2026 10:51:23;
khadim.seye;MN4S999X910000425232;200;26/02/2026 12:50:41;
khadim.seye;MN4S999X910000425233;200;26/02/2026 12:53:34;
khadim.seye;MN4S999X910000425234;200;26/02/2026 12:38:06;
khadim.seye;MN4S999X910000425238;200;26/02/2026 12:40:49;
khadim.seye;MN4S999X910000425239;200;26/02/2026 12:58:45;
khadim.seye;MN4S999X910000425242;200;26/02/2026 12:48:22;
khadim.seye;MN4S999X910000425243;200;26/02/2026 12:58:03;
khadim.seye;MN4S999X910000425247;200;26/02/2026 12:58:25;
khadim.seye;MN4S999X910000425248;200;26/02/2026 12:44:45;
khadim.seye;MN4S999X910000425249;200;26/02/2026 12:37:03;
khadim.seye;MN4S999X910000425250;200;26/02/2026 12:41:12;
khadim.seye;MN4S999X910000425255;200;26/02/2026 12:46:12;
khadim.seye;MN4S999X910000425256;200;26/02/2026 12:45:07;
khadim.seye;MN4S999X910000425257;200;26/02/2026 12:37:23;
khadim.seye;MN4S999X910000425258;200;26/02/2026 12:41:31;
khadim.seye;MN4S999X910000425264;200;26/02/2026 12:49:48;
khadim.seye;MN4S999X910000425266;200;26/02/2026 12:50:10;
khadim.seye;MN4S999X910000425267;200;26/02/2026 12:53:12;
khadim.seye;MN4S999X910000425269;200;26/02/2026 12:42:15;
khadim.seye;MN4S999X910000425270;200;26/02/2026 12:56:37;
khadim.seye;MN4S999X910000425272;200;26/02/2026 12:54:38;
khadim.seye;MN4S999X910000425276;90;26/02/2026 12:56:20;
engine;MN4S999X920000255462;200;26/02/2026 12:39:54;
engine;MN4S999X920000255465;200;26/02/2026 12:43:42;
engine;MN4S999X920000255472;200;26/02/2026 12:35:37;
engine;MN4S999X920000255477;162;26/02/2026 12:38:47;
engine;MN4S999X920000255485;200;26/02/2026 13:23:14;
engine;MN4S999X920000255486;200;26/02/2026 13:26:09;
engine;MN4S999X920000255487;200;26/02/2026 13:26:31;
engine;MN4S999X920000255490;197;26/02/2026 13:22:12;
engine;MN4S999X920000255491;200;26/02/2026 13:25:47;
engine;MN4S999X920000255493;200;26/02/2026 13:23:36;
engine;MN4S999X920000255498;200;26/02/2026 13:19:39;
engine;MN4S999X920000255500;200;26/02/2026 13:18:46;
engine;MN4S999X920000255501;200;26/02/2026 13:24:20;
engine;MN4S999X920000255507;200;26/02/2026 13:22:53;
engine;MN4S999X920000255511;96;26/02/2026 13:21:53;
djuljdana.murtezani;MN4S999X920000255514;200;26/02/2026 14:14:40;
djuljdana.murtezani;MN4S999X920000255516;200;26/02/2026 14:07:32;
djuljdana.murtezani;MN4S999X920000255517;200;26/02/2026 14:03:56;
djuljdana.murtezani;MN4S999X920000255518;200;26/02/2026 14:16:33;
djuljdana.murtezani;MN4S999X920000255520;200;26/02/2026 14:06:06;
djuljdana.murtezani;MN4S999X920000255521;200;26/02/2026 14:08:40;
djuljdana.murtezani;MN4S999X920000255523;200;26/02/2026 14:17:20;
djuljdana.murtezani;MN4S999X920000255525;200;26/02/2026 14:11:38;
djuljdana.murtezani;MN4S999X920000255527;200;26/02/2026 14:11:13;
djuljdana.murtezani;MN4S999X920000255529;200;26/02/2026 14:06:32;
djuljdana.murtezani;MN4S999X920000255530;200;26/02/2026 14:09:25;
djuljdana.murtezani;MN4S999X920000255531;200;26/02/2026 14:06:51;
djuljdana.murtezani;MN4S999X920000255533;200;26/02/2026 14:16:53;
djuljdana.murtezani;MN4S999X920000255534;200;26/02/2026 14:09:44;
djuljdana.murtezani;MN4S999X920000255538;200;26/02/2026 14:05:02;
djuljdana.murtezani;MN4S999X920000255539;200;26/02/2026 14:15:03;
djuljdana.murtezani;MN4S999X920000255540;200;26/02/2026 14:05:24;
djuljdana.murtezani;MN4S999X920000255546;200;26/02/2026 14:08:16;
djuljdana.murtezani;MN4S999X920000255547;200;26/02/2026 14:15:50;
djuljdana.murtezani;MN4S999X920000255551;76;26/02/2026 14:05:47;
djuljdana.murtezani;MN4S999X920000255553;195;26/02/2026 15:22:31;
djuljdana.murtezani;MN4S999X920000255554;200;26/02/2026 15:14:39;
djuljdana.murtezani;MN4S999X920000255555;200;26/02/2026 15:09:21;
djuljdana.murtezani;MN4S999X920000255556;200;26/02/2026 15:08:06;
djuljdana.murtezani;MN4S999X920000255559;200;26/02/2026 15:22:54;
djuljdana.murtezani;MN4S999X920000255560;200;26/02/2026 15:25:49;
djuljdana.murtezani;MN4S999X920000255561;200;26/02/2026 15:16:33;
djuljdana.murtezani;MN4S999X920000255562;200;26/02/2026 15:14:19;
djuljdana.murtezani;MN4S999X920000255563;200;26/02/2026 15:23:59;
djuljdana.murtezani;MN4S999X920000255564;200;26/02/2026 15:21:50;
djuljdana.murtezani;MN4S999X920000255565;200;26/02/2026 15:23:15;
djuljdana.murtezani;MN4S999X920000255566;200;26/02/2026 15:19:17;
djuljdana.murtezani;MN4S999X920000255568;200;26/02/2026 15:20:21;
djuljdana.murtezani;MN4S999X920000255571;200;26/02/2026 15:10:42;
djuljdana.murtezani;MN4S999X920000255573;200;26/02/2026 15:15:26;
djuljdana.murtezani;MN4S999X920000255575;200;26/02/2026 15:18:01;
djuljdana.murtezani;MN4S999X920000255581;200;26/02/2026 15:15:06;
djuljdana.murtezani;MN4S999X920000255583;200;26/02/2026 15:25:28;
djuljdana.murtezani;MN4S999X920000255584;200;26/02/2026 15:24:22;
djuljdana.murtezani;MN4S999X920000255586;200;26/02/2026 15:08:27;
djuljdana.murtezani;MN4S999X920000255588;200;26/02/2026 15:15:47;
djuljdana.murtezani;MN4S999X920000255589;200;26/02/2026 15:18:22;
djuljdana.murtezani;MN4S999X920000255593;164;26/02/2026 15:12:26;
djuljdana.murtezani;MN4S999X920000255596;200;26/02/2026 15:22:14;
djuljdana.murtezani;MN4S999X920000255598;200;26/02/2026 15:21:27;
djuljdana.murtezani;MN4S999X920000255599;200;26/02/2026 15:13:52;
djuljdana.murtezani;MN4S999X920000255600;147;26/02/2026 15:20:48;
djuljdana.murtezani;MN4S999X920000255603;200;26/02/2026 16:11:13;
djuljdana.murtezani;MN4S999X920000255604;200;26/02/2026 16:07:24;
djuljdana.murtezani;MN4S999X920000255605;200;26/02/2026 16:13:43;
djuljdana.murtezani;MN4S999X920000255607;200;26/02/2026 16:15:26;
djuljdana.murtezani;MN4S999X920000255608;200;26/02/2026 16:07:54;
djuljdana.murtezani;MN4S999X920000255609;200;26/02/2026 16:09:00;
djuljdana.murtezani;MN4S999X920000255612;200;26/02/2026 16:11:33;
djuljdana.murtezani;MN4S999X920000255617;200;26/02/2026 16:16:46;
djuljdana.murtezani;MN4S999X920000255618;200;26/02/2026 16:12:19;
djuljdana.murtezani;MN4S999X920000255627;200;26/02/2026 16:17:14;
djuljdana.murtezani;MN4S999X920000255628;200;26/02/2026 16:10:29;
djuljdana.murtezani;MN4S999X920000255632;200;26/02/2026 16:08:39;
djuljdana.murtezani;MN4S999X920000255635;200;26/02/2026 16:20:46;
djuljdana.murtezani;MN4S999X920000255636;200;26/02/2026 16:18:06;
djuljdana.murtezani;MN4S999X920000255638;200;26/02/2026 16:23:08;
djuljdana.murtezani;MN4S999X920000255639;200;26/02/2026 16:22:25;
djuljdana.murtezani;MN4S999X920000255640;200;26/02/2026 16:25:20;
djuljdana.murtezani;MN4S999X920000255645;200;26/02/2026 16:18:47;
djuljdana.murtezani;MN4S999X920000255646;200;26/02/2026 16:22:45;
djuljdana.murtezani;MN4S999X920000255648;200;26/02/2026 16:21:40;
djuljdana.murtezani;MN4S999X920000255653;144;26/02/2026 16:23:46;
djuljdana.murtezani;MN4S999X920000255657;200;26/02/2026 21:02:24;
djuljdana.murtezani;MN4S999X920000255659;200;26/02/2026 20:13:15;
djuljdana.murtezani;MN4S999X920000255665;200;26/02/2026 21:02:52;
djuljdana.murtezani;MN4S999X920000255666;200;26/02/2026 20:53:43;
djuljdana.murtezani;MN4S999X920000255667;200;26/02/2026 21:12:04;
djuljdana.murtezani;MN4S999X920000255668;200;26/02/2026 21:12:26;
djuljdana.murtezani;MN4S999X920000255670;200;26/02/2026 20:20:23;
djuljdana.murtezani;MN4S999X920000255671;200;26/02/2026 20:28:31;
djuljdana.murtezani;MN4S999X920000255672;200;26/02/2026 20:44:49;
djuljdana.murtezani;MN4S999X920000255680;200;26/02/2026 20:21:08;
djuljdana.murtezani;MN4S999X920000255681;200;26/02/2026 20:57:45;
djuljdana.murtezani;MN4S999X920000255682;200;26/02/2026 20:25:50;
djuljdana.murtezani;MN4S999X920000255684;200;26/02/2026 20:58:06;
djuljdana.murtezani;MN4S999X920000255691;132;26/02/2026 20:56:25;
djuljdana.murtezani;MN4S999X920000255693;200;26/02/2026 21:05:58;
djuljdana.murtezani;MN4S999X920000255699;200;26/02/2026 21:19:37;
djuljdana.murtezani;MN4S999X920000255703;200;26/02/2026 20:42:41;
djuljdana.murtezani;MN4S999X920000255704;200;26/02/2026 21:17:50;
djuljdana.murtezani;MN4S999X920000255706;200;26/02/2026 20:33:59;
djuljdana.murtezani;MN4S999X920000255712;200;26/02/2026 20:31:24;
djuljdana.murtezani;MN4S999X920000255715;200;26/02/2026 20:49:13;
djuljdana.murtezani;MN4S999X920000255716;200;26/02/2026 21:06:28;
djuljdana.murtezani;MN4S999X920000255717;200;26/02/2026 20:26:11;
djuljdana.murtezani;MN4S999X920000255718;200;26/02/2026 21:05:25;
djuljdana.murtezani;MN4S999X920000255719;200;26/02/2026 20:58:26;
djuljdana.murtezani;MN4S999X920000255722;174;26/02/2026 21:19:56;
djuljdana.murtezani;MN4S999X920000255740;70;26/02/2026 20:25:32;
djuljdana.murtezani;MN4S999X920000255745;200;26/02/2026 21:15:58;
djuljdana.murtezani;MN4S999X920000255746;200;26/02/2026 20:37:57;
djuljdana.murtezani;MN4S999X920000255751;200;26/02/2026 21:14:08;
djuljdana.murtezani;MN4S999X920000255752;200;26/02/2026 21:03:59;
djuljdana.murtezani;MN4S999X920000255756;198;26/02/2026 20:36:20;
djuljdana.murtezani;MN4S999X920000255761;200;26/02/2026 20:37:38;
djuljdana.murtezani;MN4S999X920000255765;200;26/02/2026 21:16:23;
djuljdana.murtezani;MN4S999X920000255770;200;26/02/2026 20:36:47;
djuljdana.murtezani;MN4S999X920000255775;79;26/02/2026 20:46:12;
djuljdana.murtezani;MN4S999X920000255781;200;26/02/2026 20:30:43;
djuljdana.murtezani;MN4S999X920000255782;200;26/02/2026 21:04:30;
djuljdana.murtezani;MN4S999X920000255784;200;26/02/2026 20:15:19;
djuljdana.murtezani;MN4S999X920000255785;200;26/02/2026 21:16:53;
djuljdana.murtezani;MN4S999X920000255786;200;26/02/2026 20:37:12;
djuljdana.murtezani;MN4S999X920000255787;200;26/02/2026 20:21:28;
djuljdana.murtezani;MN4S999X920000255788;200;26/02/2026 20:38:17;
djuljdana.murtezani;MN4S999X920000255789;200;26/02/2026 20:29:36;
djuljdana.murtezani;MN4S999X920000255790;200;26/02/2026 21:13:21;
djuljdana.murtezani;MN4S999X920000255796;81;26/02/2026 20:29:50;
djuljdana.murtezani;MN4S999X920000255804;200;26/02/2026 19:42:09;
djuljdana.murtezani;MN4S999X920000255806;200;26/02/2026 19:35:51;
djuljdana.murtezani;MN4S999X920000255811;200;26/02/2026 19:34:12;
djuljdana.murtezani;MN4S999X920000255812;200;26/02/2026 19:40:11;
djuljdana.murtezani;MN4S999X920000255815;200;26/02/2026 19:33:50;
djuljdana.murtezani;MN4S999X920000255819;104;26/02/2026 19:36:06;
andrea.marini;MN4S999X930000408019;39;26/02/2026 09:39:51;
ivan.albano;MN4S999X930000411321;40;26/02/2026 09:25:10;
ivan.albano;MN4S999X930000411324;40;26/02/2026 09:18:43;
ivan.albano;MN4S999X930000411325;40;26/02/2026 09:20:52;
ivan.albano;MN4S999X930000411326;40;26/02/2026 09:26:48;
ivan.albano;MN4S999X930000411328;40;26/02/2026 09:25:21;
ivan.albano;MN4S999X930000411330;40;26/02/2026 09:18:21;
ivan.albano;MN4S999X930000411331;40;26/02/2026 09:18:32;
ivan.albano;MN4S999X930000411332;40;26/02/2026 09:18:53;
ivan.albano;MN4S999X930000411333;40;26/02/2026 09:23:44;
ivan.albano;MN4S999X930000411336;40;26/02/2026 09:17:06;
ivan.albano;MN4S999X930000411337;40;26/02/2026 09:24:48;
ivan.albano;MN4S999X930000411339;35;26/02/2026 09:21:03;
ivan.albano;MN4S999X930000411342;39;26/02/2026 10:30:17;
ivan.albano;MN4S999X930000411346;40;26/02/2026 10:20:24;
ivan.albano;MN4S999X930000411347;40;26/02/2026 10:30:28;
ivan.albano;MN4S999X930000411348;40;26/02/2026 10:25:15;
ivan.albano;MN4S999X930000411349;40;26/02/2026 10:21:18;
ivan.albano;MN4S999X930000411360;40;26/02/2026 10:20:35;
ivan.albano;MN4S999X930000411362;32;26/02/2026 10:21:07;
ivan.albano;MN4S999X930000411365;39;26/02/2026 12:01:39;
ivan.albano;MN4S999X930000411367;40;26/02/2026 12:01:49;
ivan.albano;MN4S999X930000411373;40;26/02/2026 12:05:14;
ivan.albano;MN4S999X930000411379;40;26/02/2026 12:03:05;
ivan.albano;MN4S999X930000411380;26;26/02/2026 12:02:53;
engine;MN4S999X930000411381;40;26/02/2026 12:03:15;
engine;MN4S999X930000411382;40;26/02/2026 12:03:37;
engine;MN4S999X930000411383;40;26/02/2026 12:03:48;
engine;MN4S999X930000411384;40;26/02/2026 12:03:26;
engine;MN4S999X930000411385;19;26/02/2026 12:04:19;
engine;MN4S999X930000411390;21;26/02/2026 12:04:52;
engine;MN4S999X930000411391;37;26/02/2026 12:05:25;
mirco.guandalini;MN4S999X930000411397;40;26/02/2026 13:48:13;
mirco.guandalini;MN4S999X930000411399;40;26/02/2026 13:46:25;
mirco.guandalini;MN4S999X930000411401;40;26/02/2026 13:47:30;
mirco.guandalini;MN4S999X930000411403;40;26/02/2026 13:48:45;
mirco.guandalini;MN4S999X930000411405;40;26/02/2026 13:46:37;
mirco.guandalini;MN4S999X930000411406;40;26/02/2026 13:47:19;
mirco.guandalini;MN4S999X930000411407;40;26/02/2026 13:48:24;
mirco.guandalini;MN4S999X930000411408;40;26/02/2026 13:48:34;
mirco.guandalini;MN4S999X930000411409;40;26/02/2026 13:47:41;
mirco.guandalini;MN4S999X930000411412;34;26/02/2026 13:48:55;
mirco.guandalini;MN4S999X930000411415;40;26/02/2026 14:21:40;
mirco.guandalini;MN4S999X930000411416;40;26/02/2026 14:20:56;
mirco.guandalini;MN4S999X930000411417;40;26/02/2026 14:22:47;
mirco.guandalini;MN4S999X930000411419;40;26/02/2026 14:21:53;
mirco.guandalini;MN4S999X930000411420;40;26/02/2026 14:25:21;
mirco.guandalini;MN4S999X930000411421;40;26/02/2026 14:23:30;
mirco.guandalini;MN4S999X930000411422;40;26/02/2026 14:19:29;
mirco.guandalini;MN4S999X930000411423;40;26/02/2026 14:23:11;
mirco.guandalini;MN4S999X930000411425;40;26/02/2026 14:24:36;
mirco.guandalini;MN4S999X930000411426;40;26/02/2026 14:24:47;
mirco.guandalini;MN4S999X930000411428;40;26/02/2026 14:23:41;
mirco.guandalini;MN4S999X930000411432;36;26/02/2026 14:22:15;
mirco.guandalini;MN4S999X930000411440;40;26/02/2026 14:19:19;
mirco.guandalini;MN4S999X930000411441;40;26/02/2026 14:24:58;
mirco.guandalini;MN4S999X930000411442;40;26/02/2026 14:24:03;
mirco.guandalini;MN4S999X930000411443;40;26/02/2026 14:22:25;
mirco.guandalini;MN4S999X930000411444;40;26/02/2026 14:21:31;
mirco.guandalini;MN4S999X930000411446;40;26/02/2026 14:18:45;
mirco.guandalini;MN4S999X930000411447;40;26/02/2026 14:19:52;
mirco.guandalini;MN4S999X930000411448;40;26/02/2026 14:23:21;
mirco.guandalini;MN4S999X930000411453;20;26/02/2026 14:20:44;
mirco.guandalini;MN4S999X930000411457;40;26/02/2026 14:49:22;
mirco.guandalini;MN4S999X930000411458;40;26/02/2026 14:48:07;
mirco.guandalini;MN4S999X930000411459;40;26/02/2026 14:51:32;
mirco.guandalini;MN4S999X930000411460;40;26/02/2026 14:49:32;
mirco.guandalini;MN4S999X930000411461;40;26/02/2026 14:52:05;
mirco.guandalini;MN4S999X930000411464;40;26/02/2026 14:50:07;
mirco.guandalini;MN4S999X930000411466;40;26/02/2026 14:49:55;
mirco.guandalini;MN4S999X930000411469;40;26/02/2026 14:52:18;
mirco.guandalini;MN4S999X930000411474;40;26/02/2026 14:49:45;
mirco.guandalini;MN4S999X930000411477;40;26/02/2026 14:52:28;
mirco.guandalini;MN4S999X930000411479;30;26/02/2026 14:51:43;
mirco.guandalini;MN4S999X930000411483;40;26/02/2026 15:27:22;
mirco.guandalini;MN4S999X930000411484;40;26/02/2026 15:30:16;
mirco.guandalini;MN4S999X930000411485;40;26/02/2026 15:31:22;
mirco.guandalini;MN4S999X930000411486;40;26/02/2026 15:31:11;
mirco.guandalini;MN4S999X930000411487;40;26/02/2026 15:30:27;
mirco.guandalini;MN4S999X930000411488;40;26/02/2026 15:30:50;
mirco.guandalini;MN4S999X930000411495;40;26/02/2026 15:29:54;
mirco.guandalini;MN4S999X930000411496;40;26/02/2026 15:30:06;
mirco.guandalini;MN4S999X930000411497;40;26/02/2026 15:29:02;
mirco.guandalini;MN4S999X930000411500;40;26/02/2026 15:31:44;
mirco.guandalini;MN4S999X930000411502;40;26/02/2026 15:28:09;
mirco.guandalini;MN4S999X930000411503;40;26/02/2026 15:31:00;
mirco.guandalini;MN4S999X930000411504;40;26/02/2026 15:29:13;
mirco.guandalini;MN4S999X930000411507;37;26/02/2026 15:29:21;
mirco.guandalini;MN4S999X930000411516;40;26/02/2026 16:07:33;
mirco.guandalini;MN4S999X930000411518;40;26/02/2026 16:14:59;
mirco.guandalini;MN4S999X930000411519;40;26/02/2026 16:12:39;
mirco.guandalini;MN4S999X930000411525;17;26/02/2026 16:11:42;
engine;MN4S999X930000411552;40;26/02/2026 20:33:36;
engine;MN4S999X930000411553;40;26/02/2026 20:43:02;
engine;MN4S999X930000411555;40;26/02/2026 21:00:50;
engine;MN4S999X930000411557;40;26/02/2026 21:01:23;
engine;MN4S999X930000411558;3;26/02/2026 20:14:22;
engine;MN4S999X930000411563;40;26/02/2026 21:01:01;
engine;MN4S999X930000411568;40;26/02/2026 21:05:39;
engine;MN4S999X930000411569;40;26/02/2026 20:23:41;
engine;MN4S999X930000411570;40;26/02/2026 20:16:28;
engine;MN4S999X930000411571;40;26/02/2026 21:20:45;
engine;MN4S999X930000411572;40;26/02/2026 20:41:25;
engine;MN4S999X930000411573;40;26/02/2026 21:07:51;
engine;MN4S999X930000411574;40;26/02/2026 21:22:46;
engine;MN4S999X930000411575;40;26/02/2026 20:59:44;
engine;MN4S999X930000411576;40;26/02/2026 20:34:08;
engine;MN4S999X930000411577;40;26/02/2026 21:00:19;
engine;MN4S999X930000411578;40;26/02/2026 20:43:25;
engine;MN4S999X930000411579;40;26/02/2026 20:44:09;
engine;MN4S999X930000411581;40;26/02/2026 20:56:40;
engine;MN4S999X930000411582;40;26/02/2026 21:19:06;
engine;MN4S999X930000411583;40;26/02/2026 20:32:09;
engine;MN4S999X930000411584;40;26/02/2026 20:58:40;
engine;MN4S999X930000411586;19;26/02/2026 20:58:49;
engine;MN4S999X930000411590;40;26/02/2026 20:33:15;
engine;MN4S999X930000411591;40;26/02/2026 20:26:23;
engine;MN4S999X930000411592;40;26/02/2026 20:59:55;
engine;MN4S999X930000411593;40;26/02/2026 21:00:07;
engine;MN4S999X930000411594;40;26/02/2026 21:00:29;
engine;MN4S999X930000411595;40;26/02/2026 20:43:36;
engine;MN4S999X930000411596;40;26/02/2026 20:34:53;
engine;MN4S999X930000411597;40;26/02/2026 20:52:41;
engine;MN4S999X930000411598;40;26/02/2026 20:35:25;
engine;MN4S999X930000411599;40;26/02/2026 20:56:51;
engine;MN4S999X930000411600;40;26/02/2026 20:32:20;
engine;MN4S999X930000411601;40;26/02/2026 20:24:13;
engine;MN4S999X930000411602;40;26/02/2026 21:07:30;
engine;MN4S999X930000411603;40;26/02/2026 20:59:02;
engine;MN4S999X930000411604;40;26/02/2026 20:51:04;
engine;MN4S999X930000411605;40;26/02/2026 21:08:03;
engine;MN4S999X930000411606;40;26/02/2026 20:59:34;
engine;MN4S999X930000411607;40;26/02/2026 20:52:08;
engine;MN4S999X930000411608;40;26/02/2026 21:23:20;
engine;MN4S999X930000411609;40;26/02/2026 21:10:36;
engine;MN4S999X930000411610;40;26/02/2026 21:00:40;
engine;MN4S999X930000411611;40;26/02/2026 20:52:52;
engine;MN4S999X930000411613;40;26/02/2026 21:24:25;
engine;MN4S999X930000411614;40;26/02/2026 20:39:47;
engine;MN4S999X930000411616;40;26/02/2026 20:57:23;
engine;MN4S999X930000411619;40;26/02/2026 20:51:14;
engine;MN4S999X930000411623;40;26/02/2026 20:34:20;
engine;MN4S999X930000411625;40;26/02/2026 20:19:00;
engine;MN4S999X930000411626;40;26/02/2026 20:43:46;
engine;MN4S999X930000411627;40;26/02/2026 20:52:30;
engine;MN4S999X930000411628;40;26/02/2026 21:24:03;
engine;MN4S999X930000411629;40;26/02/2026 20:49:27;
engine;MN4S999X930000411630;40;26/02/2026 20:57:01;
engine;MN4S999X930000411631;11;26/02/2026 20:49:56;
mirco.guandalini;MN4S999X930000411665;40;26/02/2026 21:09:52;
mirco.guandalini;MN4S999X930000411666;40;26/02/2026 20:42:52;
mirco.guandalini;MN4S999X930000411667;40;26/02/2026 20:43:14;
mirco.guandalini;MN4S999X930000411668;40;26/02/2026 20:52:20;
mirco.guandalini;MN4S999X930000411669;40;26/02/2026 21:23:51;
mirco.guandalini;MN4S999X930000411670;40;26/02/2026 20:44:30;
mirco.guandalini;MN4S999X930000411671;40;26/02/2026 20:23:30;
mirco.guandalini;MN4S999X930000411672;40;26/02/2026 21:19:15;
mirco.guandalini;MN4S999X930000411673;40;26/02/2026 20:50:20;
mirco.guandalini;MN4S999X930000411674;40;26/02/2026 21:06:56;
mirco.guandalini;MN4S999X930000411675;34;26/02/2026 20:16:48;
mirco.guandalini;MN4S999X930000411677;40;26/02/2026 19:40:21;
mirco.guandalini;MN4S999X930000411678;40;26/02/2026 19:40:32;
mirco.guandalini;MN4S999X930000411679;40;26/02/2026 19:35:18;
mirco.guandalini;MN4S999X930000411680;40;26/02/2026 19:35:28;
mirco.guandalini;MN4S999X930000411681;40;26/02/2026 19:39:38;
mirco.guandalini;MN4S999X930000411682;40;26/02/2026 19:42:20;
mirco.guandalini;MN4S999X930000411683;40;26/02/2026 19:39:48;
mirco.guandalini;MN4S999X930000411684;40;26/02/2026 19:36:23;
mirco.guandalini;MN4S999X930000411685;40;26/02/2026 19:42:42;
mirco.guandalini;MN4S999X930000411686;40;26/02/2026 19:42:52;
mirco.guandalini;MN4S999X930000411694;40;26/02/2026 19:33:19;
mirco.guandalini;MN4S999X930000411696;26;26/02/2026 19:34:23;
